,0,1,2,3,4,5,6,7,8,9,10,11,12,13,14,15,16,17,18,19,20,21,22,23,24,25,26,27,28,29,30
0,-166.0,-25.0,137.0,-75.0,61.0,-73.0,-84.0,-41.0,-53.0,-14.0,86.0,63.0,78.0,-125.0,-54.0,38.0,-158.0,-29.0,81.0,77.0,141.0,-173.0,-67.0,11.0,58.0,127.0,-6.0,138.0,-4.0,-8.0,-83.0
1,-166.0,-25.0,137.0,-75.0,61.0,-73.0,-84.0,-41.0,-53.0,-14.0,86.0,63.0,78.0,-125.0,-54.0,38.0,-158.0,-29.0,81.0,77.0,141.0,-173.0,-67.0,11.0,58.0,127.0,-6.0,138.0,-4.0,-8.0,-83.0
2,-140.62735857164762,0.3014354498702261,111.71512026365356,-49.85224656306464,35.76310786137003,-47.80851087495063,-58.486989950695616,-15.774941030359205,-27.828296387982107,11.087078211243668,60.83104496674652,37.614799818160904,52.8891337417251,-99.49165551927936,-28.649133479318547,12.674487431664954,-132.62584136713326,-3.549358355319928,55.645402391620316,51.492792037846876,115.62813120018437,-147.65406926935867,-41.629715413855166,-14.266724410364407,32.600441792520115,101.68393878145544,19.397463708808456,112.74688865862407,-29.47868900605291,17.2957853138307,-57.79796976561722
3,-126.07980818700818,13.013700369237256,97.80585524647962,-36.1285802874671,22.981669644792063,-34.10847741528239,-45.28725878161882,-2.675414073233796,-14.490481779995505,22.686745238360707,47.15437766622104,24.373665196202154,39.381458354920476,-86.22490522792157,-15.658958682949532,0.23460273613788019,-118.41970817462038,9.326260161312725,42.49346395776308,38.489732747194765,101.68809646598729,-131.6755344823831,-28.503676358472653,-26.254298250451967,19.96205329403081,87.84678449231406,31.105039369801723,98.88227192789829,-35.535330016846544,29.57767703933188,-44.5264597218543
4,-115.92438562807823,21.238644655905702,88.26119584865688,-27.38119164800738,13.717838555908209,-25.65158780963511,-36.33536916345345,5.4105650727300585,-5.826681603359802,29.494452396582574,38.40393875655301,15.37462071536688,30.405010805212697,-76.3886768028616,-6.967101306420936,-8.38824070436042,-108.13684616064492,17.876762985938484,33.555263737361784,29.33531990799917,92.18564303509964,-119.04914997166274,-19.41222010093213,-34.032912856009034,11.217795802668128,78.0618181148057,37.699350383937414,89.65215744292865,-36.86440107699847,36.99967946138491,-35.57747822677456
5,-107.28655470878176,26.473996352859523,80.88195371586514,-20.524533692285672,7.560261573116563,-18.97310733022494,-28.695724224596,12.08842661340963,0.48134237953158276,34.21269722363694,31.235336817471612,9.129203556151339,23.091158925237146,-68.77016276384717,-0.49608728931362833,-14.107249348610836,-99.77674306629046,24.35472570829323,26.62226953746672,23.082112621248548,84.35845043850466,-108.11378945224483,-12.657573113409669,-40.035956016683144,4.409875561619899,71.02657882089778,42.07057454330781,82.16456623382263,-35.84845891257375,42.73130449541189,-28.269639507092734
6,-99.98518817919822,31.655075849348485,75.29361366208107,-14.991778943056616,3.122338579590668,-13.283176932521435,-23.490222224552312,17.043467623625595,5.949476858017142,37.35692645888648,25.53380712566539,3.582362820092996,17.81602865496439,-62.63311126388457,4.856632142005928,-19.41850565330003,-92.0978144170934,28.94506110392514,22.00154022295589,17.465386528589157,78.24697255109155,-99.05823665425964,-7.538164680138614,-44.24043326904251,-0.7937343359066844,64.46479747508864,45.0353089745631,76.2622825735445,-33.6917162727909,47.24235742258166,-22.64553092729377
7,-93.55875098636864,35.23309131749521,69.28727707147961,-10.747090655881536,-0.3993637815126547,-8.993102064210106,-18.52146867915893,21.161223715358425,9.714697778963,39.33201593547964,21.030517402607202,-0.9510384387765285,13.48859468064174,-56.946750280007294,9.161578962314088,-22.46376321850653,-86.29627380588185,33.40906301531165,17.632254662665346,13.179789177807557,72.68928318600099,-89.72644055541957,-3.5151683880762477,-47.322498382438106,-4.631906217946991,59.368354193491925,47.63207110908599,70.97573640118074,-30.885574246944696,49.742324458780246,-17.80304743404764
8,-87.948460831133,37.96231038708214,66.06321582411458,-6.772846635030788,-4.780999838974225,-5.2165426217845265,-14.579301016458047,24.773417243179978,13.686217359101875,41.427295951470654,16.668829309461643,-5.5806308964442195,9.324501034170751,-52.28259780941556,11.803657916109557,-26.37849982311799,-80.43953879612121,36.054639739634936,13.331934753822651,9.993618469965654,68.46887943213447,-81.90143382509375,1.3531294262617877,-49.44699772460064,-7.664800565636597,55.288900128833816,49.19819952502403,66.33796609708389,-27.938217746109334,51.44569035213219,-14.550021328529638
9,-81.87756908340822,40.34335906492667,61.815938933192555,-3.7630158457766356,-8.373237008584326,-2.0212832365530744,-10.48718422243735,26.82356536693713,16.56479461659046,41.83924067055111,13.845751308705005,-8.090742538445696,6.239433910280823,-48.601830904073964,15.144610163925137,-29.082688113847396,-74.42725557190133,38.96440232219959,10.483464920317857,6.666358019319617,63.42164472134898,-72.7182710625886,5.4126449910830985,-52.025075114918614,-11.347973786766744,50.98953970887257,49.92075434616526,62.44360383984559,-24.287650525208093,53.09706859980552,-10.614326105696819
10,-78.12312472381328,42.553544113230444,57.79702016356467,0.47607546522975497,-10.305934298226205,1.6501091708026223,-7.995373530383802,29.48976749596048,19.163790702058904,43.09451921383016,10.25234537985665,-11.475959380419724,2.671713883858004,-44.807273618856826,17.718705215366967,-30.96092878319861,-71.09265759085962,41.17011476241136,7.868100565564646,3.269322625509332,60.54099589091443,-64.78534069295496,6.866234866643694,-52.63646251392994,-13.826276171629814,47.95727647098067,49.767107321988874,58.81125893874534,-20.871754295137745,54.41574940385932,-7.355787792168513
11,-72.614033073694,43.943963825695974,54.820329911038655,2.697501189093302,-12.227037604322973,4.280739792870193,-5.10768118990498,31.454840470961628,22.106891864951237,43.83276056209036,8.299911106247947,-12.987251630032887,0.04689041353910284,-41.2962949980232,19.803365676428882,-33.4491163453219,-66.63261501910617,43.0092722269511,5.114009270775767,1.3930783157774016,56.65819659829312,-56.670568684022726,10.152861227742392,-53.31403751270176,-15.760176977107236,43.65114220351806,49.117224991593744,55.681326093242134,-17.211638719343696,54.75000458893075,-4.244159944755296
12,-68.21979341365973,44.56794457231945,51.58346851833939,5.316250282133694,-14.30320974044352,6.185643462517973,-3.0798740102871847,32.87083887977661,23.132843696847686,43.46219842781383,5.827200247651319,-15.449052538432852,-2.5319903362070164,-37.91907367316469,22.237111731970614,-34.929978471771406,-61.802382611134846,44.641298463870584,3.0151203091491254,-0.8839432032114729,52.26258602261338,-49.0811102111785,12.150408888971725,-53.91372612777363,-18.51589302685393,40.881762663982585,48.82403922253376,52.327871642831994,-13.43290507081454,55.09353325339068,-1.4678839712568816
13,-64.19603205849974,46.312170588025324,49.494938071994056,7.930514623076633,-15.778817791643718,8.635656468411057,-0.39611459728101295,34.0338528145635,24.66519463051563,43.29843154285405,4.135001534556125,-17.416569235546618,-3.831132887332089,-36.12676685092842,23.084162547293758,-36.33540571863111,-57.61401757330641,46.27048051034721,0.8741473669401643,-3.2082094078351844,49.851777831091226,-42.48434170037609,14.200185247074614,-54.038934381042196,-19.303667834886497,38.621236649896275,47.74991876069151,50.20390365931176,-9.519498955017845,55.32480791324897,1.575381788335207
14,-59.47944340302209,47.49416088933296,45.919375338681334,9.422880902371872,-16.71262907154565,10.934784625507817,1.603070691667071,35.20803691315598,26.513615005500583,42.147090132307696,1.6517990706545902,-19.63975204655854,-6.327701318894867,-32.5915694775298,25.378954729692794,-37.068946482757184,-53.89751181255731,46.87495388321885,-1.8467916786652978,-4.956188271781173,47.85937953632548,-34.74817139997981,15.516113203516753,-53.71817663139947,-20.521673035382236,35.031342965247944,45.940881233256846,47.239880100633684,-5.6084914036371964,55.536280605855666,3.103851570394184
15,-55.868232672246876,48.445305531682436,43.99034163264801,10.362845382725396,-19.015300811706297,11.812065363447019,3.1142853625040487,36.68853487536245,28.5635225787464,42.503959082311766,1.0734142412750316,-21.516743234274287,-6.619274799373727,-30.10089697470879,26.43063839016928,-37.74073823894665,-51.38834046644352,47.07734716833983,-3.078839672025751,-5.957541343850735,44.936712770212836,-26.285224735095056,17.561860693702315,-52.93801820604871,-22.70170214485792,33.64395782364046,44.397390688052,44.469504131781406,-1.7464989440841943,54.55645390279216,5.152116994754394
16,-51.584323127281976,48.631933960130326,41.844806926134595,12.78860713076837,-19.75551025811245,13.840098375857806,4.576407383545714,37.313501341443,29.225646572496927,41.46225550135877,-2.04013479336173,-22.469074020288858,-10.01084560049516,-27.32455310628957,27.170899776370632,-39.298787922872194,-47.67254681006054,48.60837402827369,-4.962707997686465,-7.703026100218892,41.456717685870274,-19.431539811212815,19.27050054311107,-51.77178094366733,-22.90586607918125,30.859746491727904,42.7623117851121,41.70241118484378,2.0500302625362714,53.725625915287345,6.630059413283661
17,-47.943902380916214,48.6066569373058,39.59037570799519,13.283944433072307,-19.743035001476002,14.94557323663939,6.816354368586744,38.770910285880944,29.747974902722618,39.518649633120674,-2.641969711028196,-22.662830172785092,-10.270029524402275,-25.10402014712585,28.761995125945916,-39.66698192316933,-44.052374360142466,48.76488128046931,-5.716404130907421,-9.188680870381887,38.3781592582899,-11.311081218212763,20.898727468267722,-51.04939296082687,-24.13161919960855,28.165473709277634,40.16346000155842,39.68411410805271,5.585325145383951,53.08077424831914,7.895310892860721
18,-44.85065441032715,48.659622178110496,36.93168265008728,15.270654120387576,-21.41603334456275,16.117218937976148,8.765328287712308,38.60719875887297,30.87458299417534,39.105356636606935,-3.5181998752227344,-24.460866761600116,-12.20717440142191,-21.912876625880173,29.834055563095546,-39.14627821083339,-41.049293944749465,48.49469430293853,-6.435907470049344,-10.646509543653266,36.94792931812121,-6.151299098222921,21.057033158539625,-50.19812257097169,-24.75356287112355,27.467697146711217,38.01617435466137,38.36938238644302,9.098459676656313,52.03980667152135,9.875581807560039
19,-38.89039914960617,48.98043084064723,36.597460897329796,16.387389921308667,-21.95166268604426,17.710534676078908,9.568694173955606,39.52715635773167,31.468162627928436,37.23621960399215,-5.577082848604036,-25.054575200354563,-12.96033394910431,-21.71523209731383,30.911622152399588,-39.46635622849831,-37.58835977668363,48.70315687553429,-8.02672388540303,-10.521669820689013,34.43264940353323,-0.35512240100504755,22.095289933829804,-47.617165579201725,-25.335132845282487,25.04107071835648,35.31358115413154,35.38849360081586,12.386213081556363,50.43845981229966,11.577826221099045
20,-36.25186619107393,48.507183701906285,32.91106754678577,16.79794848215984,-22.32340650832522,18.50218263675977,10.070591227950672,40.042495165376764,31.8579565446894,35.47475168901645,-6.0550954035508795,-25.518808876534706,-14.06278288167914,-18.679039997608086,31.35044656568219,-39.716795014545156,-33.87808057586115,48.53824049436999,-9.64989316148693,-11.678841893874022,32.58723859492689,5.4669169049390405,23.423769100340152,-45.589837311792834,-26.069078948270374,23.286460936339438,33.53847473292135,34.57749098217408,15.294436073252228,49.23596848147372,11.845732730945869
21,-32.79725764063363,47.91802271358304,32.15662976607058,18.204206892878943,-23.115601320032013,18.92097044934131,11.697913693591232,39.54895691665814,33.26115647088926,34.247298116734505,-6.761979522574578,-26.258558877410763,-15.336637785584458,-17.422868301853754,30.875392956837146,-40.56077777784026,-30.838011883141988,48.32301773293362,-10.036115759708196,-12.497062128633743,30.097434312834437,10.785278579821608,23.748819966991633,-43.666175787824095,-25.57692120931442,21.832371353699045,31.059406457436182,32.096617599944764,17.988915746113175,47.57955483431039,13.990467508391106
22,-29.182806541177058,47.86736698935269,29.95721392590977,17.786682572024063,-23.542160633202357,19.275276016861014,12.772387215655726,40.290707671964896,33.11743998350126,32.529378214640396,-7.097824023650858,-26.636204858951828,-14.972769115530127,-15.957856820439119,32.25114914442155,-39.55753155390063,-27.98071000163597,48.14344440968463,-11.846472412221132,-12.833833915597722,27.7094417177059,15.484986624659115,24.839336050333912,-41.27858547451619,-26.364223665478377,20.0339273815122,28.729043796657727,30.734690036055042,20.061375926739668,46.18558918339551,15.000848243004313
23,-26.466292649078213,46.59971897600256,28.637820907468353,18.45431727753943,-23.313968249410323,20.987201323291075,14.03907921059313,39.65346252447314,33.59848802589205,31.03586418639724,-7.195572939252017,-27.419445329598105,-16.996981504294013,-13.322682956191699,32.54807907080959,-39.64803128181957,-24.093132817613423,47.78299586190211,-11.956166093058599,-14.159129788602016,25.62037682325837,20.022450899503013,24.889042405214596,-38.694220361728284,-26.262207914500394,18.6680725147004,26.446019870303743,28.427914913688,22.11135955852369,44.29159229051455,15.688008828105765
24,-20.37995248999917,46.8031591659889,26.10435402686288,20.789073495305843,-23.261874246823638,21.549909702866557,14.580966067620082,39.54070540002594,33.245623220973684,29.45065996966506,-8.520311746833116,-27.044082852368646,-16.85842108282148,-11.960836554747758,32.314445760215065,-39.45116139461159,-21.65523904493452,46.426408980456515,-13.200908169251605,-14.64782762176175,23.839909367827246,23.147877264533577,25.1144877645836,-36.24561944299188,-26.245632386672284,17.806579017218382,24.275906229926207,26.34945495940609,23.438497823446152,42.76565710886301,16.783518201182986
25,-16.31198746911471,45.1359320607141,25.554710140770183,19.789140921027055,-22.972882360031633,21.47729719298924,16.011075284713115,39.154641806841624,33.70433935469137,27.5683677225366,-8.300370101469753,-26.365819706529365,-17.800054681854817,-10.219853382689607,32.23618428691856,-38.4662745745747,-19.548379482320485,44.62957487509176,-13.515707881429506,-14.021806924232521,22.98384351222893,27.257016407049264,25.75293131401979,-33.5339000759373,-26.04027933769639,15.903977880286007,22.247501116852195,24.92682781411591,24.604020298759085,40.82083828832874,18.566350907811852
26,-14.070818575190685,45.139576719551656,24.055726648440626,21.060227937376453,-22.761879644615973,22.386537696604307,15.759334624970975,39.13814447439388,32.97206144957353,25.951834072531483,-7.719198560446657,-27.702736666934243,-18.772061816868245,-8.453045374579247,32.25935243437293,-37.958938950974556,-14.833652177296898,44.30543286584316,-13.445970499572653,-15.396109159161611,21.11159240914658,28.424072176944918,26.46353878316789,-30.129450924352845,-25.281406055524286,13.75975940669926,20.719920103102833,24.797449735980763,25.64018306766393,39.09177436195445,18.605635545749507
27,-11.284452775622356,43.7310015657838,23.36281247477841,21.106023785044755,-21.905842908622404,22.510547890413292,16.969797994499714,38.02410998848238,32.39218884101567,24.72088886949213,-8.546980211554512,-27.928576183438892,-19.53173853661403,-7.36975740837164,32.314834067538754,-36.85455675869997,-12.022595668657175,42.92207768069471,-13.701742453820543,-14.999850504408343,18.215094337777003,30.061221677684074,25.96404721092867,-27.196846310158378,-24.711425497630813,14.263650401072226,18.96731497935026,23.29749683221206,26.29543781602675,36.88142466583206,19.139375503476927
28,-7.376990226590323,42.613976826810415,22.25203985713125,21.063977247916114,-22.396279271851157,22.598322199651605,18.360308512545956,36.713122645100015,32.356771928928765,23.151004900867598,-8.723606826047671,-26.6543899607001,-19.124658012983076,-6.03493980475622,31.569897569373623,-36.389952229261795,-9.01723941513768,41.62969808736868,-14.651506348901364,-14.888220846764838,17.328694202083582,30.38071886517605,25.621934597325875,-24.382511240447606,-23.559180540751143,13.141043592888238,17.303355816158447,22.126815839238716,26.274844848186724,35.29524511771582,19.88103152773391
29,-4.618203800134097,41.013983445651405,22.052557689628443,21.63737944480286,-21.436979289560668,23.041948636385143,18.629898528624253,37.05877253615415,31.796700646927164,21.710424499854888,-8.889742746369407,-25.57985296839051,-19.426439214049864,-4.954137655380151,31.59181332519603,-34.49882147432953,-5.483290315534077,40.335685151503526,-14.361272276895761,-14.367572110803977,16.444375267390484,32.011728821377204,26.017007266528665,-21.347094366194874,-23.858110693697228,11.391433145756082,15.75888089392199,20.802024922117553,26.477032697573456,33.04492483927027,20.75203898050863
30,-2.3199509909390486,39.50288387227657,20.67380882095351,21.167871597445355,-21.323866808396517,22.17387439179805,19.83400697523409,36.36236568476468,32.44172702450281,20.194624841541426,-8.170186238593303,-26.663544569363026,-19.39907338841668,-3.6122960998426947,31.787784655842387,-33.30936692023474,-4.231977403974952,38.70421751446703,-14.02811449073404,-14.798001109867243,14.798944235803262,33.02386725811863,25.080396979505892,-17.82142090596819,-23.603042495669,10.430589613498142,14.494705706035301,19.577497034834664,26.277438873777836,30.811234336671887,20.893995932254754
31,1.8639788518391356,38.332470051525,18.92558470665496,20.977948114999606,-21.202349458742944,22.8410668692582,19.693897952634074,35.139342041446255,30.912160551556667,18.72790175772908,-8.243900638537056,-26.487697005865257,-19.464289914960503,-2.49373143059762,30.169133229612214,-31.61539294331999,-2.9031217401847584,37.21644389131967,-14.128449516234454,-14.765463275399796,12.224274839254491,31.051937645124696,24.684236002116535,-14.767663721266754,-22.685314388290664,10.226309142399941,13.381097968260953,18.7935846921324,25.864142619507092,28.941454243527573,21.788445608671125
32,5.011213054032481,37.066996423436265,18.235631410809233,22.143939832196907,-20.133748963794417,23.070112145194955,20.307412896725936,34.2769392832042,30.386425027792512,17.387073731135672,-8.444987124945527,-25.07472533281613,-19.429993148209448,-1.2763869922333555,29.513214749791814,-30.055537431559017,0.8502004941605605,35.622947209178676,-13.768932385758589,-15.215627000297161,11.339569965183017,29.546730192847747,24.29389599156505,-11.563780297686638,-21.502049484616137,9.476278587069686,12.201760184160502,16.973896230166588,24.995288223036344,26.961670293694333,22.878058604843915
33,7.427981412400868,35.70761845225813,18.293313951935033,21.083269077338272,-18.85848026856425,22.96491686811021,21.443227459785888,33.295001691217564,29.4729872314405,16.313532223674773,-8.004281245820081,-24.914436177079523,-19.504248537955874,1.2296425768486472,28.80950423396399,-28.341120182410705,2.5563061848671396,33.687272985175206,-14.558879350792381,-14.942624924092144,10.852984626249025,27.71399040038969,24.27052591360382,-8.416490668882478,-20.70519819967852,8.634017748176873,11.30774806607824,16.421990668462826,24.1430205568312,24.87842344849161,22.943318464075787
34,10.707642017262998,34.08931668800454,16.21675029628048,21.6878538813464,-18.264987152842153,22.397480417869943,21.108976304815712,31.986933190434982,29.021082802440958,14.891354703265158,-7.592161596879976,-23.594413573250364,-18.780186395986988,0.20756227307187203,28.097305272366654,-26.74703064372693,3.930839903593977,31.803228636299593,-14.494048701622873,-14.373356628255152,9.774988052143783,26.25450526180731,23.57492304032064,-5.439054260583067,-19.44222171119995,6.96214637391202,10.419717321832735,15.359188700813249,23.281395498837455,22.898209997268673,23.15247573137401
35,12.494623524464686,32.29554481352962,15.96002919715886,20.872664386112106,-17.371019823802257,22.104982709247594,20.914149615093663,30.70008234564736,28.47454851860094,13.869889511362338,-7.556086895293504,-23.012319515742504,-19.36531573243647,2.6077611007310395,26.706806294231413,-24.517090433406842,5.74857041302738,29.90413754124568,-13.619827939906727,-14.277296015806073,7.475173663109956,24.216626759659505,23.336174220329667,-2.5712153680906447,-17.927312034909278,6.858497977374753,9.745310315168298,14.596706890853156,22.34944112833558,21.04275344821158,23.83795389035265
36,14.796043548152767,30.83105316912868,15.8757580346345,20.099799671380225,-15.87277771343264,21.980259783465186,21.55088256104186,30.210078033727115,27.82737959388581,12.35490749037935,-6.840132527679927,-22.408671312602493,-19.351669377007212,2.721598348775615,25.8203934093993,-22.875211964845924,7.577598290415523,27.817635254857123,-13.071148682110788,-13.81302354093836,7.503371458027743,21.698201174323458,22.19563672758261,0.3236353398924958,-17.445421935699372,7.58833878175308,9.036647721889123,13.803471765079152,21.200607788666066,19.0058469494739,24.933530692556843
37,17.02526753972964,29.274638498627816,14.790600885253582,19.677694811340217,-15.093816450496462,21.22917804094753,22.970266913496957,28.847328770308366,26.948525596103934,11.250898350908173,-6.51552031351072,-21.85058532991802,-19.13466745035545,3.370400747445075,24.9935015090431,-20.84219108085624,7.599082714121835,25.798961011554525,-12.371613373883434,-13.436343753384577,6.280132205198839,20.45223935775158,22.27210337839972,2.8926799761351667,-15.759857814578282,7.066695902709938,8.719276338949932,11.112896980880379,19.933733203176637,17.332194225311717,24.26954102831965
38,19.775786724845602,27.788522409607538,14.181086832241434,19.271997923905886,-13.214068188284628,21.32183915866466,23.31522803263728,27.520832354181422,26.35586629212571,10.327412375837806,-6.8888065644469805,-20.895298701892486,-18.59796184508798,5.143018443414206,23.58357203212708,-17.95095694818017,9.538443920716418,23.561081979395084,-12.092854632827766,-12.951959981896763,5.536080435948293,16.221087520851682,21.886324502856453,5.244678124395805,-14.559370903690848,6.085906722154576,8.477109435346248,11.384360457755974,18.589169621766768,15.37886101561514,24.074255989732094
39,22.05733289149981,25.75384590466851,13.89926601186096,18.934176953895786,-12.207531174032098,21.66749981456347,23.112985252863538,25.994483837338905,25.286557242945264,9.211900899294225,-6.043637911295548,-19.740124874435807,-17.801862733111548,5.120542645736521,22.54118082540461,-15.736677141914498,9.515884087045947,21.292385751275738,-12.261804249391503,-11.805630444905404,4.31085237265674,13.685731093089316,20.42530613178384,7.418843806615959,-13.443657241970726,6.572347573439842,8.451603414715496,10.39664178309107,17.09721256204268,13.603745958921937,25.121832980642978
40,23.580196520743414,24.326387641694794,14.138652768145406,18.1108261455271,-10.627620787962186,21.382879736060687,23.1758995004884,24.8713178969533,24.644614434677024,8.275374799799014,-5.850253044519874,-18.631295104223796,-17.350391953102076,3.874071910878911,20.928874395549713,-12.931508019294746,10.662440793150722,18.473802033920002,-11.185692849726692,-11.359333858047265,3.99845339935473,10.28239645750466,20.002115731485205,9.390555943850083,-11.8668383521794,4.779113441255504,8.539609865702896,9.823023029595362,15.726629187908802,12.198268840042694,25.92333319689925
41,24.034983017815733,22.66777410985611,13.089203682601848,17.836899318848026,-9.050194587143793,20.611657138221233,23.685813345656456,23.262004740143155,23.850999927421498,7.589055768739954,-4.957339603545009,-17.405837182466072,-15.976847193914438,5.855620858992921,19.738751212747047,-10.690764562208152,11.012204402217009,16.250261209469073,-10.82518020061741,-11.068447362334425,2.9498400223768897,7.957406517706261,19.002894616745706,11.076181798438858,-10.377642706307213,5.437075811405478,8.552430996902178,9.309774865060803,14.036208462033446,10.837095640647558,25.180735055977394
42,25.84219269020153,21.14328623205283,12.85139411458421,16.721762636914818,-7.901452922997635,20.118113473502547,24.438260418391096,22.01828054075625,22.860200680181208,7.036884152393078,-4.637582395959498,-16.018842600554194,-15.889207532762441,5.927885275858188,18.373957960940004,-7.893707014746894,11.413798060518701,13.93646725417716,-9.801911832318098,-10.488292691519703,2.433128205425504,4.1048937217729815,18.250383321676154,12.437215683961494,-8.47470134680077,5.39045581790748,8.68958842268104,8.667861808608535,12.38889793982953,9.624307544143136,25.352537117786298
43,28.445898748578998,19.35825899794291,12.775136779919606,16.14453202748723,-6.264533292241424,19.430020149123962,23.881786619697195,20.665875322186352,21.965815747873094,6.816330214673112,-4.877962170504389,-14.837481713034933,-14.624731499223586,6.065704488258234,17.189934375364018,-5.372381534532941,10.769951818227895,11.432041826542687,-9.11497209686577,-9.2704340829209,1.7617879971552384,3.518945403568978,17.16879985128584,13.490219773329851,-7.251445493228715,4.835172369301404,8.846903951019073,7.906005537963438,10.522861958857812,8.522626914391601,25.32537970573547
44,29.509820901022124,17.94951746711441,13.209986440829212,15.535566026493527,-4.575065768709962,19.117196072618952,24.14099905034803,19.356895171881874,20.623530538867826,6.778357169811791,-4.223311423463869,-12.997486422343826,-14.01209418417254,6.296651133761287,15.518912901940482,-2.465258341185539,10.179842760522916,9.07723617896088,-8.528132775317232,-8.553656956734187,1.6200614845751886,2.417992450243446,16.512140737711178,14.206636702615091,-5.822763433686774,4.280021102622058,8.909529015277585,6.753658532003783,8.668538191934754,7.779895364166592,25.407607873674905
45,28.43686171998192,16.49468015194094,12.272849785184064,14.667898028622133,-2.7242375820308453,18.131191643138337,23.999992794077926,17.86136168139619,19.324387604053555,7.069931499442195,-3.6477016438455507,-11.994305692074832,-13.235683681678438,5.79256629605166,13.751827275237758,0.3010939185503503,9.462391806101522,6.85120112556239,-8.169014801020552,-7.504548802424694,0.6509469732854711,1.4140083738081444,15.611754040469975,14.54561799595687,-4.083179010989561,4.139479160180613,8.759921059174735,6.422572669339814,6.98776183906654,7.115944935071635,25.595607901854976
46,29.580635447176633,15.229970415124448,12.082068992614026,13.996139582607455,-1.0298087842865797,17.665944894105053,24.1962448433801,16.82150834697682,18.36630309142629,7.454635124469522,-3.262856984583479,-10.52007943281778,-11.897412324810972,5.522140638482313,12.016969660863666,2.8183822201370106,8.479083611249791,4.604868814417216,-7.367981424306365,-6.623522072867843,0.03947723812657955,1.1392011112906175,14.52523789771243,14.571220794978188,-2.190777573977492,3.41872726426584,8.458880535770236,6.278072851739097,5.562170105287667,6.773558254558221,25.187137963672555
47,29.428883225046775,13.98159201472729,12.21198479517696,13.475406652556444,0.8380347545334601,17.17727799024678,24.23866551750858,15.599100657893487,17.408524128116113,7.978069264132952,-2.517480961141672,-8.896561060896374,-10.716256274856974,5.544644984742263,10.35096428153716,5.358562928107247,7.500825497341026,2.3666694223306735,-6.453118683459962,-5.794166356692799,0.36330902734965775,1.1637683107915393,13.528071517466984,14.307856152005831,-0.6199423184294091,3.861415527890941,8.04448238295837,6.23339641197407,4.712632248379082,6.605598274347495,24.988803201255607
48,28.355894515496544,13.041001687927341,11.266111235045486,12.962430739046326,2.3307175023053333,16.077148718777252,23.203945515457235,14.433179533917055,16.283419858815705,8.75545053271101,-2.3064900784147255,-7.461094688641779,-9.356326330555405,4.472170280743541,9.230373369141468,7.855410205976025,6.224207864101572,0.3546460396281823,-5.566214962313964,-4.7403689222428795,-0.6716610072801643,2.2627549421409583,12.804904370086078,13.830905478542604,0.7586907708411701,3.9277834721244744,7.53964461108508,4.867839710954769,4.419836166031695,6.905565125151385,24.385373925516703
49,28.00165042214141,12.205314308917245,11.96844020741176,11.949469112477274,4.02712565846155,15.50202275317686,23.77056830120297,13.118590742801999,14.882045463319898,9.24753214391064,-1.6854917007541417,-5.9507423051107935,-7.929279266712356,4.603470465223779,7.843454913295453,9.616971403075514,5.572868694228106,-1.416224609206644,-4.641715561853545,-3.5027895274002248,-0.5286436574569677,1.6177437379247976,11.474544102042358,13.133229695261045,2.5970966376186198,3.114191036427812,6.995325303178916,4.533166204974805,4.755670882614634,7.539930627586726,24.071999784078145
50,26.96305731677913,11.67929161979044,11.808810417994238,11.440109133853284,5.663727935288058,14.933103207095243,23.40887364154888,12.603885634157237,13.82271749803418,9.815540348797455,-1.0626825012825947,-4.621034938281426,-6.954840895303789,3.9016993263621487,6.477546055356257,11.436534451563151,3.9095043156736438,-3.035473589683871,-3.9775945970975073,-3.0589589910318864,-0.3597769628920844,3.1658221525660792,10.675270711941891,12.286457185352269,4.196001144032202,3.0482634907737776,6.275227388402222,4.430153971481957,5.4564991370981915,8.59064868973054,23.165924100418863
51,25.148730840616338,11.399907519888778,11.871220032815103,10.61627659572494,7.189911013128764,13.840937337695735,23.40722085163955,11.604909926440058,12.641718945712086,10.3104873758699,-0.4033293085892353,-2.985674559271075,-5.44622012124178,3.8861513942582633,4.999311536725919,12.819772361318268,3.348148062825004,-4.333510901192721,-3.115173962546308,-1.9046779202996476,-1.0020877818504914,3.3676650809473756,9.869798630183581,11.343471686197455,5.58786435180744,3.1330687400616597,5.657775442771509,4.426191456346885,6.556979208373006,9.891521493124309,22.885676114297524
52,23.256541295718506,11.306976374344607,11.908130985595022,9.794851392841679,8.462378256529767,13.57480132278613,22.549125088226603,11.05585090170679,11.70487042493042,10.697766472777175,0.34147946046250865,-1.783550096644504,-4.473203434050049,3.8679376255791453,4.14064816774885,13.863999822571245,2.291488506990305,-5.409926050612761,-2.8535618111002776,-0.8065466706078155,-1.4881355880312697,4.61300486902104,8.965985484292744,10.340505227437982,6.781488943872219,2.947050284685787,5.061176009840413,3.5389975162915164,7.872671527083723,11.3177129615447,21.902646470503683
53,20.059170523104257,11.338392740132115,11.74262955638281,9.38118911105667,9.9975499652871,12.884503245147613,21.681815198234773,10.32829916289792,10.555299263783638,10.892903816663456,0.6730591794819247,-0.38738171232325413,-2.9673258333515804,3.3923969720626985,2.91897659162737,14.47917175440691,1.6552131500603195,-6.328686358643516,-2.331196131830467,0.05427285573640006,-1.3612012622860448,5.004191678861531,7.891720927765618,9.292124729388833,7.873403156631689,2.7003651739742764,4.514818733003223,3.5344880295937173,9.268419172417374,12.78693874485576,21.021423943792755
54,17.71220833218402,11.236999767332122,11.911660200933397,8.690787800292043,11.308665463051035,12.186612147651914,21.12801718066187,9.746352137030073,9.478666047087302,10.82231994851757,1.6410943382386023,0.7605757908088009,-1.603674296452894,3.263249836576506,2.205092219247547,14.705367700858496,0.986501299939107,-6.8935712270117335,-1.3467808234261298,0.8949991699158062,-1.1228898920973904,5.493770149976228,7.156500765714711,8.237499949845144,8.770882504693944,3.320342029780292,4.157512033869594,3.2853518754990034,10.500157291659495,14.163545529956252,20.345618649660835
55,15.241153404361057,11.286639200172125,11.777016443355805,8.441782749851512,12.348413502319666,11.774870397865485,20.014237355465482,9.349516099705745,8.887227584854855,10.247294943974694,2.3714473916245566,1.9632156817094852,0.0385039636798723,3.243815749990773,1.6377752395332408,14.419874658784472,0.26943144975209066,-7.134815413804244,-0.726108764894505,1.3676837899099326,-0.5372651440016227,6.272655591215624,6.488425076884013,7.187009105917872,9.41132601176379,3.25121948424254,3.874317166661367,3.663925773242539,11.44852654206864,15.374861628237166,19.401475190588343
56,12.39751835485589,11.35838721420896,11.428581047153614,7.939882727098805,13.257616098702265,11.244215841061418,19.322019853665893,9.079571032745548,8.063032455527093,9.650731034016822,3.0205571217346687,2.724240371719091,1.1561767609735227,3.406654899446238,1.1088885759900577,13.914430922050599,0.46326627997120795,-7.1669894847380675,0.014894285922267159,2.3646325686146668,-0.5011903399715152,4.898946141879804,5.848048902923608,6.236166450248416,9.874978301541589,3.5879479185930165,3.7711349834730346,3.866613281175404,11.96381050172078,16.257859392891653,18.340800048022615
57,10.16066423526587,11.244230436176124,11.587720713210174,7.735696121459867,14.10963755997225,11.03175039910073,18.377864032519568,8.800643965460125,7.438401697856705,8.697484626746505,4.02162829495974,3.839058317654491,2.296449838475638,3.315991105432346,0.7435670919133628,12.959504869428805,0.2144471584192047,-7.016788218686479,0.40464276016327005,2.6545290344815697,0.2641345407880067,5.158121258781762,5.246091821965962,5.390088820681383,10.32555142883448,3.423540864289933,3.8083248093735094,4.03875242410146,12.009967077116094,16.94579952177227,17.649807370712765
58,8.237057842805768,11.028824848385412,11.147710413583226,7.326088701663679,15.054299373093954,10.701434790607664,17.34241868490699,8.479401233678082,6.7104484738182535,7.7307853798929,4.520566513441594,4.619733904847465,3.5715153432142017,3.258675593854889,0.3787911068323808,11.634082505337524,0.0008005729489184432,-6.500685534372405,0.9426175400504775,3.05344797521677,1.1226551405364091,3.980696255690958,4.529960084022946,4.753001483849882,10.352443771778255,3.906544265119578,3.9670665174978748,4.036447195762037,11.702699700650593,17.33285853189389,17.12326338892541
59,6.2158600447594665,10.733402115961901,11.501704719816416,7.553160732620668,15.71725050321556,10.310749531632396,15.952901666228115,8.46002685851905,6.269428929840828,6.647410255544468,5.601067861278523,5.395524762412542,4.38000434626197,3.166172700029165,0.36951663595232276,10.187376216332972,0.20019158855279784,-5.702150617963984,1.546073268635567,3.5002829394855155,1.924046501399431,3.702741852249119,4.286199802469298,4.2693623378375865,10.301336370973367,3.994456830900475,4.102344502452818,4.4683359659058794,11.08625954805807,17.218199922346994,16.22938526830481
60,4.391053114377399,10.27586476669179,10.853398827676884,7.7051078862034785,16.045834460200197,10.46124942477249,14.748861708251269,8.348148756710351,5.9569799976809605,5.622140247129767,6.422947119755449,6.158716933025843,5.428750282283005,3.640330128783148,0.5076587533740877,8.43406493192727,0.6519162211309038,-4.782991886109091,1.9955840685384345,4.093108582333272,2.553541499152402,2.281331357043456,3.660373319375111,4.033177482764774,10.270305953286673,4.437332990599202,4.294576920431529,4.903350045555641,10.142748824952479,16.927294718366323,15.317092077735325
61,2.301051389293548,9.77733705475061,10.904240607229013,8.092092306482087,16.27726643429032,10.259346838851371,13.699229426070389,8.442138686107178,5.46343542747762,4.864369979150744,6.977827291707499,6.819493844619075,6.377775030956144,4.138135395823838,0.4526045270650272,6.662599719000028,1.102831491219348,-3.7208472876980956,2.409319921998147,4.089727227585215,2.645508213545355,2.2308176160569246,3.649552768217177,3.970793770710963,9.705166604696444,4.940582305029409,4.344428398097893,5.624065335291533,9.32119198913396,16.077601900535328,15.270536996823978
62,1.2691062126880013,9.132017130499221,10.799867072341584,8.026138605766988,16.303210859776158,10.286265066249385,12.313342307692352,8.415470407386422,4.9797813250321,4.334817402819809,7.656425737554628,7.378493144657405,7.013800641409276,4.5761860304524475,0.7709333322801015,4.849489112044985,1.526189066823747,-2.5346015239787896,2.7884373359069343,4.252349343950598,3.3846706353508296,2.0948804778363126,3.203943376781524,4.077082750816064,9.20168947868391,5.083488412192565,4.244289680795175,6.2275333633194805,8.569585352895237,15.077706227666617,14.179307891870081
63,0.21452728445296998,8.399856519089163,10.700757840451189,8.38340499303132,16.263595977744707,10.301286133995319,11.096798102612183,8.57201897982383,4.827050060567913,4.24967661774506,7.999290764373029,7.563067144255896,7.806993090245285,5.030727349329595,1.0315045982781044,3.110328439626123,3.0514626814261305,-1.2553947169892083,2.9613999617381808,4.423450426082823,3.9453497307842724,2.9093036511379182,2.966651247938202,4.319524755955488,8.43726547655563,5.761173414923718,3.906113244411433,6.7120983665758445,7.935562396530635,13.721843919069457,13.808265113657427
64,-0.6609881458630298,7.605837953352932,10.372209730897154,8.598488991804999,16.055368095384104,10.133866168144252,9.899579742100329,8.639221934159401,4.740399222734702,4.430392876480298,8.775696978573663,8.189890061348521,8.371403520810162,5.546696660608092,1.452099537441974,1.5911218248145573,3.353424969776455,0.14952035472103375,3.1545904321669695,4.488631447747949,4.640385879197794,4.466935739811447,2.683423022503817,4.585313622813362,7.84035655826078,5.980079802174558,3.4263195608617067,7.430005550293487,7.449624166666252,12.110616466821266,13.256841474975815
65,-1.0868425152617647,6.791677546332419,10.433136912294074,8.916872547108895,15.72992990718486,10.365647181727965,8.715104428505768,8.652178281320658,4.758373637419062,4.866391680791558,9.117722499945273,8.44360768410911,8.879568835684623,5.9797372779326,1.7123121196340847,0.30099347784894803,4.050086884688909,1.5129212764392967,3.447561624415968,4.76475951718065,4.654320343665518,5.454727042589525,2.5801704545091013,4.846493613801974,6.948147340562166,6.396588103246216,2.832199661868959,7.816515675751617,7.022105909574712,10.487819703414171,13.137955461929934
66,-1.2455007996889549,5.890560513285507,9.951900701975404,9.398889971082511,15.29469297041468,10.30198156854793,7.535845779880532,8.674431872130803,4.810026812211099,5.335300520185019,9.247988235561891,8.795741703139306,8.995851054941326,6.580455514816492,2.3183736789560427,-0.6590731204184621,4.627989559559779,2.899210322066864,3.585155333856008,4.70098956364464,5.051981882498268,6.693573073671189,2.3761267577170173,4.967610750065563,6.30784227946458,6.747598742721436,2.4186987158962268,8.457664042255402,6.662879144182844,8.774571695619123,12.636895622882989
67,-0.9128928780364731,5.124277562896136,9.67639476315179,9.407082396887645,14.83423656444974,10.272102629235206,6.495301038868476,8.599712995263772,4.946886070794633,5.755617922695851,9.464527001602491,8.789190243991946,9.422695355314104,6.960403960857718,2.7444511187490477,-1.3543307541787968,5.285440087195525,4.099528276686783,3.6839445598369878,4.675751878937945,5.230461161657161,7.4826746099256525,2.688328536188749,4.92461140510006,5.632036644923467,7.045267565823323,2.231111742104231,8.538947927962226,6.3126978159252225,7.231526506670326,12.392018921920325
68,-0.7505650918406559,4.432400331444349,9.927647338636206,9.54234924809802,14.151969962146858,10.052587611447734,5.666185377527498,8.486982338491252,5.1693890157772415,6.146379939835125,9.690648146959276,9.003331096823175,9.429224000943123,6.90460541783645,3.153479553900226,-1.4119822360729444,6.168840296802017,5.21076745769448,3.7479998553681355,4.853364746286317,5.689189870107668,7.393858308023624,2.7314739379098825,4.756631285441576,4.946458800018789,6.954966998583174,2.3320024389244924,9.090143563788246,5.9708708681317955,5.97903875930295,12.422434273339434
69,-0.09439252726181735,4.003751119978013,9.449296806057276,9.881916678299433,13.666512219329938,9.930444734159607,4.953317219768493,8.167536364155872,5.582433671162576,6.503432144429425,9.88907552739289,9.400925162484903,9.63986166027307,7.656291038760372,3.521667358852696,-1.2476862010025798,6.210902449279843,6.103830019529447,3.947732675131064,4.762880080284219,5.240565691368914,7.205841964323611,3.0348110683381293,4.498337632828436,4.375474100558812,6.919826688938471,2.7093407435402312,9.33092852924753,5.589075214232782,5.121800681814326,12.232056874057236
70,0.2633465915425859,3.780207984198139,9.181177223711018,10.386041889746451,13.079468515422022,9.588548122212686,4.32783757038294,7.77547326381621,5.829290854732115,6.675007701727129,9.622411483319325,9.482161768239237,9.9429382262351,7.760418863009733,3.7608469470940875,-0.6694259097657067,6.665487276986795,6.931216533353968,4.124230754672183,4.865946634610651,5.50939412242289,7.183673172607598,3.4197712471609805,4.145786935092321,3.9848421530856655,7.031404179713917,3.293501411886824,9.302998075290986,5.218150789249112,4.660998389961289,11.908095582398673
71,1.170530637665479,3.7289538005629197,8.920437156252177,10.349357397322635,12.401465813083377,9.452134192270876,3.631615004601173,7.3780604250623725,6.361307386786379,6.790434926544229,9.669890885728393,9.443314379978176,9.975101765298305,7.708437709604482,4.123646323450679,0.2750151957822098,6.400037438865525,7.5194804412070795,4.159627326059194,4.82941730497555,5.529393006675718,6.012634583146792,3.680381665948957,3.7401915596404374,3.743338907952527,6.630602556316788,4.066960058189782,8.987336832526069,5.029269809611762,4.604137589236142,11.658231920542534
72,1.93475146336624,3.8609672319274253,8.608691058264554,10.376344977771538,11.778834900518994,9.222929343694418,3.5692389746218964,6.957450504820322,6.79116119110914,6.940674345963135,9.588896277999908,9.463223988379205,9.9770009870128,7.801216993478505,4.519784230552133,1.3846599449863035,6.8545998691676004,7.948052359505404,4.38336434603049,4.864474814702902,5.402711348702354,5.296953348820722,4.064361076120548,3.335226063332093,3.6770100692824386,6.57590510395201,4.8396522470825705,8.80220441665142,4.941906262374253,4.892392291822425,11.296325951115207
73,2.6353742091952768,4.1395724769282545,8.137989392685142,10.281955928628946,11.184760193288078,8.79602872365058,3.3295313464478795,6.535692734332372,7.24591044521307,7.172201648734099,9.659613954555581,9.557016252254336,9.994075417975552,7.985443050433219,4.815118257416195,2.6868655375510357,6.593213090599534,8.275284359499182,4.501654038658586,4.8406561496024665,5.287990546629402,4.627514011323569,4.304269404218132,3.026652979372547,3.6603818533382793,6.075544270366947,5.586027538438346,8.201581906490702,5.008350483492986,5.45400103019359,11.040455519915255
74,2.9268869603024825,4.617124186048258,7.891836842574804,10.280291022464482,10.420191921176347,8.479108110626044,3.355211177636974,6.239571643778611,7.659778925807025,7.452327096088709,9.399675027596118,9.575876894722704,9.953126472834526,7.5442983228255684,5.16442956620012,4.024774567331633,6.577425387253555,8.350634020971633,4.6399237011442835,4.874536181772612,5.3050676145480224,4.1759707353139675,4.564922442304933,2.8572654756512907,3.8319282264215673,5.736088996978651,6.20665233607331,7.964980725826166,5.32898662907037,6.17263450380222,10.805712720709792
75,3.5295363898239316,5.040693689942138,7.662425684405292,10.026564096770286,9.96222171102896,8.105742666274836,3.4773806420398046,5.986964566690155,8.077594958553618,7.912831412984968,9.223162465143531,9.48559345972918,9.914427592248813,7.591540178471973,5.3796931141999735,5.38070431352439,6.402239362726277,8.27112043341586,5.0207144528875745,4.94124423001405,5.194113469862373,4.139387948418147,4.891116565487621,2.9161930323051983,4.107255537853156,5.578451441396965,6.596207698234787,7.219084561792755,5.797684528382032,6.96454722199805,10.531139884535818
76,3.730378067300279,5.56890184103916,7.509412963776214,9.834939816664289,9.254249149478085,7.793923335249275,3.6998124717704712,5.9111661622966665,8.335883615490658,8.478645575256376,8.95997370701609,9.313259006235747,9.777188030644112,7.585232025832255,5.716421935043456,6.580934492157613,6.386487671125053,8.101317521053566,5.096980929130709,5.050804918985293,5.2481613991169525,4.721090920046407,5.170105282178511,3.207495015102751,4.4263396132130595,5.256915856914844,6.739843512538982,6.747996038872884,6.306939771616223,7.788088508829446,10.135152433011612
77,3.9197377361857377,6.054155018010615,7.40616484843855,9.799020254292842,8.678926961980324,7.231922842027217,3.9801153912131326,5.918731039506902,8.546009253800278,9.0157947821399,8.828934777134194,9.31214486141969,9.739318285302062,7.141091887601334,6.000573091837211,7.715781610587207,6.3211623224581786,7.889766317633146,5.217680534829569,5.0212808785829,4.819168586864862,4.94057438375134,5.29273441859128,3.755851782291498,4.839726495950401,4.876572988619387,6.544096599853821,5.840220468327772,6.744228771898422,8.502842900275517,9.912086608868265
78,3.918339752443586,6.447807418777625,7.13067161855318,9.35204399957695,8.036016898426496,7.015277690309162,4.435048836313598,6.034356622092957,8.728518797798714,9.388949162031842,8.527979633927316,9.093791687787409,9.560722792902197,6.88280272312187,6.410824220917313,8.515188910278393,6.660342547737031,7.538704283652258,5.5419136361940105,4.9304984607595514,5.109541524414709,5.64074415985084,5.532579946045786,4.511440276771869,5.343612125356799,4.579593076968209,6.047470490877892,5.529451411410264,7.0140483309310095,9.037445789735258,9.568839999409889
79,4.457143372070789,6.7383588553546225,6.994750883680638,8.984175278870637,7.538649263347288,6.644430114720535,4.799146197071963,6.197912709177373,8.789106201915075,9.55870077104904,8.236386464847357,9.048122189807117,9.33781647047877,6.76312366031371,6.783118923966988,9.17916824749667,6.924695870426234,7.193411366564128,5.62496688422641,5.132003882457326,4.907053787477025,6.186417776772913,5.819999238573459,5.403500153241328,5.837923620047263,4.406591233513026,5.424824241004188,4.896329240142791,7.174016238467111,9.276195395115856,9.342278182156974
80,4.812518251480753,6.909601301953099,6.850940441919619,8.749305640204284,7.137982426044317,6.570321432412371,5.396728169509714,6.424951487760367,8.79938938271124,9.510866626063017,8.03769030395513,8.892389670293916,9.067270523316893,6.4384078618216165,7.291552375852163,9.5638409918678,7.3784485236712385,6.855061362041134,5.632111777136487,5.129194607275807,5.010731382986108,6.034700427180809,5.971656899867483,6.369106689576859,6.368277697318561,4.309203477928804,4.83921627069588,4.142008148295929,7.159850482838058,9.190050278399926,8.945517987538636
81,5.10298978602836,6.940421703460132,6.685849522231365,8.497124703178073,6.672550086337964,6.487837780757914,5.955060862720757,6.6954977710457655,8.819279351899844,9.19927340022597,8.03320157552345,8.678166295434579,8.808734580364103,6.294279925843512,7.617711591249652,9.722880637429377,7.614942951168786,6.565586245751895,5.862543908483232,5.2975780962711525,5.08640796884319,5.952051464762235,6.0391574128064605,7.303674888381199,6.892716304271019,4.437985419343747,4.462432503887378,3.9706315801014966,6.9450356168591565,8.836145616050906,8.72897459064228
82,5.376299323906295,6.864257224494516,6.713708985914252,8.21253305846578,6.411513113732788,6.33968093003935,6.360887758952529,6.989926534438148,8.846982688996086,8.796537800618001,7.9716453967959495,8.513269252116608,8.596215933344595,6.183080918012706,7.97506033416839,9.683767517176996,7.772153729372718,6.413118350198523,5.939320359160064,5.379179533016227,5.197680481778889,5.845589742257118,6.2536850365226115,8.09430689383902,7.314015968103028,4.407946452418855,4.38796806549956,3.610865704570557,6.570090347197022,8.222556483867915,8.39088798172807
83,5.683710757501132,6.667806490801567,6.544314041227267,7.921085471607682,6.222271859650341,6.365110983719774,6.873734367180347,7.234696715195909,8.733331447189201,8.314375361729947,7.932337316751358,8.340900605946764,8.306095011726057,6.303384338803852,8.286364747082878,9.435997705106061,8.096282446020751,6.295278027273383,6.018297556060844,5.4755207230149665,5.374520636384261,5.62246563724176,6.291596204759799,8.699365364218773,7.64084604058435,4.527410953824926,4.565883236776619,3.2256107773831673,6.014251823312357,7.421228657811618,8.160697000845758
84,6.206770630852105,6.533861327592444,6.56476001814525,7.722375385339561,6.0107923353868316,6.463552654617615,7.200110670699857,7.421966345304462,8.66842118012454,7.878357391912598,7.929278684938765,8.202010938491348,8.042574651080344,6.374502878138259,8.537636384184367,9.075316096866242,8.443195528933956,6.341155915315248,6.120544062131344,5.620061105876744,5.593852391727552,5.511245017379906,6.503222409724145,9.057573699035228,7.957716226004649,4.8197937516170555,4.948729546596196,3.1354970937976816,5.393230577529476,6.5014834378106325,7.911883938709948
85,6.403416084230514,6.390928253140167,6.4803877544590875,7.602331430054306,5.877232074466811,6.647352669800043,7.546727153644056,7.543810754615947,8.511268953501457,7.5286819991045455,7.908576835402641,8.061852545544646,7.72999412692063,6.708230193859123,8.6409404787209,8.679505986794332,8.159437677937774,6.460909506390152,6.140472747409959,5.743897817399471,5.817534319837961,5.569291053390714,6.503779890445188,9.149509064386017,8.142786102861976,5.124848692723262,5.462824715903906,2.8811718373368933,4.918733908530593,5.6688801223955885,7.679165670852697
86,6.61496227276848,6.26256392437304,6.262455337922063,7.469989514881092,5.887296038071227,6.72939517816701,7.817909899363286,7.5687545300590315,8.396587221921074,7.310444423852687,7.932702071721664,7.848568382046189,7.462125495603871,6.938428089905273,8.69318650538223,8.24125419690878,8.197341404110375,6.5703905914933145,6.258398051009564,5.940067480309892,6.0147721786824775,5.918982810063596,6.580491625137327,8.946999601792461,8.260926243296566,5.396688006419424,5.935968957002974,2.8982392153077967,4.7790383421165465,4.983010909290996,7.448168438962938
87,6.803003711530948,6.206309215488819,6.232142991433051,7.4875266186904526,5.822164475332173,6.829462946323389,8.052625092199818,7.56301995877881,8.126584756815191,7.262409070813792,7.80589789592463,7.656111751008389,7.17849774246686,7.222944679503428,8.806097373117517,7.819705231477773,7.979943044783113,6.841982992080567,6.2929586129339725,6.066966216169064,6.2632644929411185,6.366096102108969,6.649078001027291,8.516724210457594,8.183559187654033,5.783619205382308,6.3325843668709485,2.868769937072244,4.9677329885228225,4.5527139926230955,7.200265568202809
88,7.136480888448517,6.298574779414892,6.210876077247889,7.4115369352564215,5.845036222146447,6.896301346441419,8.064031789671333,7.3803715788209345,7.9326607256589625,7.321766617194495,7.808130031177512,7.51270135300625,7.007626484005527,7.636908083252877,8.720790166402068,7.521067792770943,7.700731941299267,7.113707271728089,6.432323156176764,6.147205846125885,6.3316350622707205,6.808240554994825,6.745204366055404,7.918679405227463,8.031798619296822,6.060056192857516,6.612319369123176,3.0083632222161327,5.338137994160068,4.420591012894462,6.992565685737034
89,7.14492293752474,6.581970815275529,6.356694655314442,7.353183334292424,5.765883957420172,7.105025892491355,8.05293965702377,7.262477014969349,7.749250788288215,7.393634207951951,7.64863288815404,7.412149307370669,6.724621150040022,7.889911693435039,8.594237281932884,7.263468256980627,7.116279114768901,7.303545867659324,6.522687328711484,6.255378648153808,6.4771516172013435,7.263737096224048,6.851214874088683,7.278829071109213,7.757394474146672,6.386200855179339,6.802832595895811,3.3407745294210827,5.675183701223331,4.605918259159644,6.584587267357875
90,6.9725441616154455,6.88011613648094,6.331427820811257,7.344968924206697,5.82946440744746,7.222818208218044,7.897088428660879,7.117470889068741,7.489998615047178,7.368407371417025,7.632035010194755,7.3483615529371775,6.735878838031567,8.258837502259269,8.492641802257104,7.051976858960039,6.300556940808377,7.456785394294535,6.751940956365189,6.399399344612874,6.737529365966765,7.583598634473418,6.86231361944661,6.678582279818521,7.4831606042426415,6.746144522273994,6.926079560834294,3.5819491970079014,5.957076978283846,5.054499082585716,6.28807728594424
91,6.974063937109037,7.229628614931833,6.425652065506142,7.457981642115627,5.802524113851867,7.311260321362823,7.723572555170364,7.013085071982346,7.198096310241816,7.230923439480883,7.630442550601757,7.224432842751675,6.647614668024602,8.567530330796245,8.326747000066867,6.95625817249795,6.203760755477731,7.565712077916864,6.860042607748596,6.548633916640156,6.773927815236448,7.340117256015333,6.927335133392546,6.171238412415115,7.0944337116715985,7.007225438441424,6.987929117363594,4.01775888679407,6.206959952561721,5.652421506894461,6.109441031591956
92,6.817293842358509,7.563031069986842,6.5223648142229536,7.559564679771853,5.857736775111185,7.342782471036074,7.553144387170462,6.900187684033398,6.982711262708442,7.044513957483375,7.592094986606369,7.211094304588606,6.681301977925386,8.534059295645932,8.239836995554576,6.917216942400064,6.1569924028335095,7.509684117417166,7.08357522968501,6.662459134049868,6.810829460510632,7.243396615900963,6.8902505736514,5.7967523149069935,6.76525110187621,7.2519542731934195,7.057053426373276,4.477752364851284,6.451438249093423,6.270319896551179,5.807219475230028
93,6.794732146116473,7.765084003597252,6.608443008263009,7.647764154423086,5.881180681846807,7.3736808779788845,7.441663713685472,6.8818306796085835,6.713010693272665,6.877297914529109,7.530853432920765,7.115409572543747,6.736117051511442,8.490011037949387,8.203704987987557,6.876841116912189,5.891249582050534,7.365441438619968,7.223046183170027,6.772783902817636,6.872515296781387,6.778917257294694,6.917599998982027,5.60542363759774,6.461622047622356,7.489348834664412,7.1614741869359655,4.894650411973402,6.664863829222831,6.791940954239257,5.65463333216988
94,6.980729937897479,7.8678853784317795,6.736615787803487,7.73375359930381,5.9512964813345235,7.4318745131191974,7.306808481570201,6.915580852837714,6.580528552575096,6.796374552889965,7.413122358694324,7.072583051282592,6.8348475270446585,8.564830750301525,8.062568504438765,6.917101849271564,5.740344092010076,7.146759736990461,7.39295661718306,6.879352827500767,6.946315880638252,6.867338289356411,6.904907540891969,5.598798521708421,6.1802275781350176,7.409311904193373,7.357250480336065,5.291257578761218,6.792182929405417,7.11116354187441,5.4136306641635485
95,7.0601242096928445,7.80165617629541,6.873278991814004,7.8103117822166865,5.955381664142102,7.292989630269858,7.11433667204183,6.983582495494311,6.39512349375547,6.769502823569336,7.286421114921566,7.073160021283947,6.90855485819867,8.461560801216962,7.995918057560566,6.896966142824631,5.740901040297246,6.859837476415045,7.558858530194115,6.967261474676732,6.940235063237594,7.055050395753426,6.838036634745791,5.759173403767235,5.9189457817364755,7.5140905599427725,7.599741987062554,5.667404396475746,6.860064211218521,7.181685700392663,5.284505477994486
96,7.148214879662845,7.605794125077168,6.925355436637005,7.898986714051162,6.041449435616961,7.188924538180288,6.996188870463683,7.052945599957795,6.322217416264515,6.8046452115255285,7.219999983672238,7.023294597451567,6.989235483697783,8.128547118756131,7.938227003588693,6.894508983839341,5.658249097666072,6.5064885311510565,7.632330391868578,7.049990501656055,7.101072749229246,7.188087848216242,6.795161252336214,6.032715640310451,5.770626728440128,7.368612210255563,7.890763154515829,6.218122407800706,6.8730406896219876,7.029542860550897,5.306398938595336
97,7.453695278025037,7.312767494184655,7.134387836091065,7.956429209855187,6.1412783005185645,7.081084477891324,6.96761379658102,7.1480099799873855,6.274828908231534,6.75546444733428,7.0647583238820175,7.000865168902436,6.974134482250918,7.925351307058946,7.8544795557834775,6.833772037615315,5.957065877163075,6.201105022828536,7.761660992925812,7.042429376948974,7.201700096354017,7.298482347886619,6.844415854520875,6.35776444428572,5.701493106403781,7.427444219159241,8.155767882362742,6.662200742302417,6.835341285732806,6.704383823246074,5.2523020190393055
98,7.788831537485606,6.998808442323213,7.233390794744935,8.00261639046694,6.182037585821249,6.9822204533969625,6.870536838719374,7.195261709388326,6.339134210516342,6.649295237593748,7.019862948666656,7.013128718449735,7.076984958120249,7.660343525439885,7.7794140271501035,6.8347435101602905,5.890890407084385,5.918048564718539,7.823806555049686,7.133178949414074,7.283542716310308,7.455037232093247,6.817265860490764,6.680035945762645,5.748402605449947,7.304729020500005,8.355381145731583,7.06149565579733,6.688428139904012,6.362888790791629,5.329725525833297
99,7.95349998300415,6.736383369864871,7.428023699003347,7.984320147117501,6.240336016017615,6.824239554948619,7.003123948407136,7.260172606009057,6.3546681626173935,6.464596556500904,6.914985816054013,7.078903023645971,7.021360104598344,7.6206692855953975,7.708655686730033,6.789495061555584,6.104397317145271,5.729661808383767,7.815403296728178,7.175915537446116,7.307594266412309,7.446952344239179,6.877594919035545,6.936224795533834,5.852005887733512,7.185459329614972,8.402335314611,7.409286278677399,6.565044252480343,6.12570182990507,5.42215551968107
100,8.31701284685684,6.5865445381232846,7.5024355441791215,7.977107360966571,6.331003561400429,6.691564484883813,6.946930415540621,7.226230756412299,6.4172880819776665,6.222267611978008,6.775704989453075,7.1132838383584485,7.090559481892029,7.460717829455916,7.61538001360006,6.749146043990848,6.093847322803612,5.63838956063514,7.734303730120573,7.228026107299996,7.305704980114967,7.485460108826743,6.920983556183188,7.0868519156938135,5.99799932754874,7.1713054164916485,8.286495023312536,7.582439701917735,6.413234712185924,6.118066293545457,5.414964652127296
