epoch,loss,psll_db,main_lobe_I
0,-4.3433309093538334e-12,-1.6503730663734286,1.0
1,-4.3433309093538334e-12,-1.6503730663734286,1.0
2,-4.3433309093538334e-12,-1.6503730663734286,1.0
3,-4.3433309093538334e-12,-1.6503730663734286,1.0
4,-4.3433309093538334e-12,-1.6503730663734286,1.0
5,-4.3433309093538334e-12,-1.6503730663734286,1.0
6,-4.3433309093538334e-12,-1.6503730663734286,1.0
7,-4.3433309093538334e-12,-1.6503730663734286,1.0
8,-4.3433309093538334e-12,-1.6503730663734286,1.0
9,-4.3433309093538334e-12,-1.6503730663734286,1.0
10,-4.3433309093538334e-12,-1.6503730663734286,1.0
11,-4.3433309093538334e-12,-1.6503730663734286,1.0
12,-4.3433309093538334e-12,-1.6503730663734286,1.0
13,-4.3433309093538334e-12,-1.6503730663734286,1.0
14,-4.3433309093538334e-12,-1.6503730663734286,1.0
15,-4.3433309093538334e-12,-1.6503730663734286,1.0
16,-4.3433309093538334e-12,-1.6503730663734286,1.0
17,-4.3433309093538334e-12,-1.6503730663734286,1.0
18,-4.3433309093538334e-12,-1.6503730663734286,1.0
19,-4.3433309093538334e-12,-1.6503730663734286,1.0
20,-4.3433309093538334e-12,-1.6503730663734286,1.0
21,-4.3433309093538334e-12,-1.6503730663734286,1.0
22,-4.3433309093538334e-12,-1.6503730663734286,1.0
23,-4.3433309093538334e-12,-1.6503730663734286,1.0
24,-4.3433309093538334e-12,-1.6503730663734286,1.0
25,-4.3433309093538334e-12,-1.6503730663734286,1.0
26,-4.3433309093538334e-12,-1.6503730663734286,1.0
27,-4.3433309093538334e-12,-1.6503730663734286,1.0
28,-4.3433309093538334e-12,-1.6503730663734286,1.0
29,-4.3433309093538334e-12,-1.6503730663734286,1.0
30,-4.3433309093538334e-12,-1.6503730663734286,1.0
31,-4.3433309093538334e-12,-1.6503730663734286,1.0
32,-4.3433309093538334e-12,-1.6503730663734286,1.0
33,-4.3433309093538334e-12,-1.6503730663734286,1.0
34,-4.3433309093538334e-12,-1.6503730663734286,1.0
35,-4.3433309093538334e-12,-1.6503730663734286,1.0
36,-4.3433309093538334e-12,-1.6503730663734286,1.0
37,-4.3433309093538334e-12,-1.6503730663734286,1.0
38,-4.3433309093538334e-12,-1.6503730663734286,1.0
39,-4.3433309093538334e-12,-1.6503730663734286,1.0
40,-4.3433309093538334e-12,-1.6503730663734286,1.0
41,-4.3433309093538334e-12,-1.6503730663734286,1.0
42,-4.3433309093538334e-12,-1.6503730663734286,1.0
43,-4.3433309093538334e-12,-1.6503730663734286,1.0
44,-4.3433309093538334e-12,-1.6503730663734286,1.0
45,-4.3433309093538334e-12,-1.6503730663734286,1.0
46,-4.3433309093538334e-12,-1.6503730663734286,1.0
47,-4.3433309093538334e-12,-1.6503730663734286,1.0
48,-4.3433309093538334e-12,-1.6503730663734286,1.0
49,-4.3433309093538334e-12,-1.6503730663734286,1.0
50,-4.3433309093538334e-12,-1.6503730663734286,1.0
51,0.20081716942602215,-1.6503730663734286,1.0
52,0.39905692616134625,-1.6503730663195677,1.0
53,0.5947475226007083,-1.6503687430408966,1.0
54,0.7879172529620408,-1.6503311872967095,0.9999999320491446
55,0.9809948528524188,-1.6503717679016494,0.9995290804863362
56,1.1668028846221956,-1.650336517422481,0.9999999163127014
57,1.35470146072068,-1.6503357631667788,0.9996025509325063
58,1.5375379764606962,-1.6503563029779151,0.9997063517490988
59,1.7169587582388743,-1.6503616995633035,0.9999901076526109
60,1.8963027262111216,-1.650342905306479,0.9998621225989102
61,2.073349313641506,-1.6503436090858956,0.999731462391505
62,2.2463427011327397,-1.6503589209697065,0.9999018289155531
63,2.417479088738309,-1.6503654770163494,0.9999960017111922
64,2.5876747735096455,-1.6503503224717955,0.9998698337626314
65,2.755049917906639,-1.65034914786524,0.9998420071984301
66,2.9192989589032483,-1.6503600474516869,0.999963110344937
67,3.0819549606079573,-1.6503693932826715,0.999987661058101
68,3.243144045545749,-1.650357136318704,0.9999017611184653
69,3.401616237835484,-1.6503551721600855,0.9999077910150573
70,3.5575076821377833,-1.6503627285769251,0.9999866506508889
71,3.7118341330404676,-1.6503714439545971,0.9999836315102639
72,3.864425364464791,-1.6503626942512941,0.9999293704191089
73,4.0144973263219645,-1.650361317137384,0.9999477301902192
74,4.16234721157333,-1.6503665941984589,0.9999963578775235
75,4.30861176570575,-1.6503718059572845,0.9999820599093875
76,4.453010850870873,-1.650366806249859,0.9999505712183484
77,4.595096771030889,-1.650366848904983,0.9999723960942071
78,4.735211021845894,-1.6503706643945963,0.9999995344453962
79,4.873709380629068,-1.650371282182169,0.9999820462620803
80,5.010297305421888,-1.6503697798686479,0.9999668117644058
81,5.144770294011675,-1.6503714254528534,0.9999872422746126
82,5.277445837517827,-1.6503719299840598,0.9999993428441523
83,5.4084766097597194,-1.650370670929682,0.9999834367711934
84,5.537613079447438,-1.6503721355548273,0.9999792459861425
85,5.664816891827313,-1.6503710579814426,0.99999536828483
86,5.790338216038202,-1.6503692909407572,0.9999977616405071
87,5.914197563616299,-1.650370550878792,0.999986105681018
88,6.036223868637378,-1.6503717829082736,0.9999883875319691
89,6.156474829591929,-1.6503681795743446,0.9999989163556569
90,6.275113903516472,-1.6503677307744338,0.9999962157818137
91,6.392095286951108,-1.6503712942726365,0.9999896155123706
92,6.507333473191396,-1.6503694206905575,0.9999944645961382
93,6.620921276983367,-1.6503660251918721,0.9999996938355439
94,6.732940981878738,-1.6503674310067884,0.9999955507933856
95,6.843334024941176,-1.6503730346962158,0.999993228035179
96,6.952083816561373,-1.6503669073831995,0.9999978442191076
97,7.059274937736106,-1.650364815051521,0.9999992690778864
98,7.1649333147992955,-1.6503686266807671,0.9999959308619594
99,7.269019653006391,-1.6503702114029675,0.9999961968867229
100,7.371556417824793,-1.6503646333024409,0.9999992365592472
101,7.472600522503589,-1.650365046753182,0.9999987606310038
102,7.572152318140027,-1.6503714576482205,0.9999969615900549
103,7.670199773562063,-1.6503668255247497,0.9999981260579305
104,7.766776310694949,-1.6503634270121172,0.9999995482239743
105,7.861912861471688,-1.6503672673547478,0.9999986507910087
106,7.955606915022981,-1.650370498164879,0.999998068490508
107,8.047865527311147,-1.650363929650791,0.9999991031091248
108,8.138717368297227,-1.6503643411701447,0.9999995283198359
109,8.228178863550491,-1.6503715834660213,0.999998887058691
110,8.316253504586221,-1.6503660618338345,0.9999988831440444
111,8.402955799602994,-1.650363055031914,0.9999995019866121
112,8.4883066341341,-1.6503680340801539,0.9999995387960917
113,8.572317770058845,-1.6503690694306803,0.9999992210618889
114,8.654997938860816,-1.650363284352485,0.9999993573938508
115,8.7363622035879,-1.6503654963909795,0.9999996670804412
116,8.81642643965517,-1.6503722360910449,0.999999623928953
117,8.895201871733281,-1.6503646214950682,0.9999994902492747
118,8.972699376668329,-1.6503641308499066,0.999999610674087
119,9.048932736855965,-1.6503711111985986,0.9999997656455644
120,9.123915501686321,-1.6503665677908688,0.9999997240178362
121,9.197658901590188,-1.6503638401950027,0.9999996668903266
122,9.27017415464683,-1.6503690394789352,0.9999997560938101
123,9.341473956555781,-1.6503686518064549,0.9999998390543983
124,9.411570675581906,-1.6503643703825632,0.9999998018492795
125,9.48047522840173,-1.6503678161304423,0.9999997801187178
126,9.548198650155957,-1.65037049062462,0.9999998502923426
127,9.614752913696135,-1.6503653949747745,0.9999998887843256
128,9.68014946126707,-1.6503674071315524,0.9999998547186228
129,9.74439874465445,-1.6503718274678703,0.9999998597023401
130,9.80751161363632,-1.6503665829630556,0.9999999113297615
131,9.869499375421238,-1.6503676518257737,0.9999999161862174
132,9.930372588693533,-1.650372553390413,0.9999998954510326
133,9.99014139059358,-1.6503676599134953,0.9999999179312128
134,10.048816399809542,-1.6503683169394252,0.99999994383317
135,10.106408134957768,-1.6503727053689778,0.9999999329263662
136,10.162926498120763,-1.6503684590494514,0.9999999317704049
137,10.218381442603826,-1.6503691604968862,0.9999999542647958
138,10.27278313299401,-1.6503724355048046,0.9999999581379742
139,10.32614135361015,-1.6503689467926446,0.999999949642634
140,10.378465619289766,-1.6503699936412901,0.999999960207669
141,10.429765610653732,-1.6503719554021488,0.9999999718618233
142,10.480050911706988,-1.6503692108395631,0.9999999668222797
143,10.529330770933305,-1.6503707201825346,0.9999999669385493
144,10.577614419221593,-1.6503714713069022,0.9999999772972915
145,10.6249111235433,-1.650369412033167,0.9999999791351412
146,10.671229919967374,-1.6503713381945118,0.9999999763705963
147,10.716579704567302,-1.6503711322732584,0.9999999804623375
148,10.760969379529326,-1.6503697162203754,0.9999999845285045
149,10.804407723050689,-1.6503719033138773,0.9999999847157491
150,10.846903378889388,-1.6503710088492771,0.9999999856173025
151,10.780658348660332,-1.6503702200928136,0.999999987152034
152,10.714804767234014,-1.650372432071111,0.9999999887382656
153,10.649339379003413,-1.650371135537535,0.999999990396828
154,10.584258986953452,-1.6503709183282964,0.999999990722684
155,10.519560408310886,-1.6503729232994009,0.9999999910562236
156,10.455240499939146,-1.6503714363895066,0.9999999925278331
157,10.391296178461056,-1.6503717206339155,0.9999999936668942
158,10.327724388974376,-1.65037276103482,0.9999999939445945
159,10.264522106606805,-1.6503718130494327,0.9999999940547457
160,10.20168634628362,-1.6503725003804615,0.9999999947858316
161,10.139214164195385,-1.6503724032462987,0.9999999959127448
162,10.077102657325739,-1.6503721974610852,0.9999999961504971
163,10.015348949898137,-1.6503729909815306,0.9999999958668633
164,9.953950197241186,-1.6503721969742964,0.9999999964863939
165,9.892903599907605,-1.6503725590185678,0.9999999974317497
166,9.832206395337751,-1.6503725571321959,0.9999999974088862
167,9.771855844927861,-1.650372178648238,0.9999999971639082
168,9.71184924254653,-1.6503728887702762,0.999999997775854
169,9.6521839259538,-1.6503723433187645,0.9999999982931467
170,9.592857262706795,-1.6503723367566405,0.9999999981288563
171,9.533866643791791,-1.6503729555722968,0.9999999982504826
172,9.475209499593962,-1.650372318623138,0.9999999985915693
173,9.416883293751487,-1.650372613475664,0.9999999986463508
174,9.358885513740969,-1.650372730269169,0.9999999988263399
175,9.301213682058496,-1.6503724313364283,0.9999999989873016
176,9.243865352694002,-1.6503729268605603,0.99999999889899
177,9.186838103844169,-1.6503725965946956,0.9999999990702517
178,9.13012954622336,-1.6503726268575825,0.9999999993544686
179,9.073737321917376,-1.6503729334103583,0.9999999992639559
180,9.017659096732263,-1.6503725735783696,0.9999999992030126
181,8.961892564392658,-1.6503728552356913,0.9999999994701674
182,8.906435450352046,-1.6503727539545245,0.9999999995658397
183,8.851285505282188,-1.6503726561324745,0.9999999994334994
184,8.796440503596756,-1.650373060884893,0.9999999995319218
185,8.741898249320709,-1.6503726864863482,0.9999999996836575
186,8.687656572958966,-1.6503728117627454,0.9999999996277322
187,8.633713327501725,-1.6503728944729228,0.9999999996468893
188,8.580066392644687,-1.6503727205321574,0.9999999997511257
189,8.5267136739608,-1.650372990240091,0.9999999997351441
190,8.473653099481998,-1.650372805755981,0.9999999997362472
191,8.42088262170846,-1.6503728255938266,0.9999999998162796
192,8.368400217834234,-1.6503729921220707,0.9999999998221425
193,8.316203887326141,-1.6503728040752974,0.99999999979585
194,8.264291652191455,-1.6503729616292748,0.9999999998498035
195,8.212661557992588,-1.6503729053279856,0.9999999998864921
196,8.161311672248319,-1.650372876345899,0.9999999998582494
197,8.11024008350319,-1.6503730440333861,0.9999999998746396
198,8.059444902494795,-1.6503728931322603,0.9999999999137625
199,8.00892426130778,-1.6503729899960151,0.9999999999066822
200,7.95867631217681,-1.6503729571644485,0.9999999999078373
201,7.9086992281272135,-1.6503729422246831,0.9999999999301779
202,7.858991202574213,-1.6503730292495726,0.9999999999334128
203,7.809550448438668,-1.6503729263734863,0.9999999999337648
204,7.760375198212434,-1.650373022816922,0.9999999999475615
205,7.711463703794792,-1.6503729521437789,0.9999999999529754
206,7.662814235855392,-1.6503729489591636,0.9999999999505023
207,7.614425083559961,-1.6503730321976164,0.9999999999596472
208,7.5662945545730595,-1.650372930362555,0.9999999999671847
209,7.518420974530523,-1.650373005884485,0.999999999965234
210,7.470802686647963,-1.6503729844105008,0.9999999999692983
211,7.4234380517163165,-1.6503729605971147,0.999999999974494
212,7.376325447674022,-1.6503730632264855,0.9999999999752589
213,7.329463269261172,-1.6503729782334762,0.9999999999786167
214,7.282849927896582,-1.650373021199444,0.9999999999812823
215,7.236483851340273,-1.6503730183096454,0.9999999999805782
216,7.190363483381786,-1.6503730078555678,0.9999999999833584
217,7.144487283665284,-1.6503730499166915,0.9999999999882496
218,7.098853727448478,-1.6503730058230066,0.9999999999866873
219,7.0534613052382,-1.65037305447091,0.9999999999853011
220,7.008308522604366,-1.6503730116687754,0.9999999999908111
221,6.963393900034552,-1.6503730236441085,0.9999999999927716
222,6.918715972569256,-1.6503730373400793,0.9999999999895635
223,6.874273289561043,-1.6503730070675444,0.9999999999907732
224,6.830064414545049,-1.6503730568647967,0.9999999999948017
225,6.786087924984647,-1.650373018659467,0.999999999994579
226,6.742342411989061,-1.6503730300734745,0.9999999999928082
227,6.69882648012488,-1.65037304641426,0.9999999999944829
228,6.655538747249788,-1.6503730262210545,0.9999999999964313
229,6.612477844260763,-1.6503730636268819,0.9999999999960809
230,6.569642414874231,-1.6503730344282197,0.9999999999955875
231,6.52703111544979,-1.6503730512252437,0.9999999999962348
232,6.484642614787396,-1.650373043427599,0.9999999999974587
233,6.44247559393457,-1.6503730422816294,0.9999999999976876
234,6.4005287459842135,-1.650373054752072,0.9999999999969946
235,6.358800775882289,-1.6503730362959332,0.9999999999972964
236,6.31729040025899,-1.6503730614987693,0.9999999999985565
237,6.27599634725059,-1.650373040031241,0.9999999999985845
238,6.234917356301888,-1.6503730467164375,0.9999999999976907
239,6.194052177989166,-1.6503730537629755,0.9999999999983076
240,6.1533995738763565,-1.650373042454152,0.9999999999993257
241,6.112958316334515,-1.6503730646078276,0.9999999999988127
242,6.072727188356307,-1.6503730477340555,0.9999999999983753
243,6.032704983412866,-1.65037305698822,0.9999999999991345
244,5.992890505303253,-1.6503730547643856,0.9999999999995148
245,5.953282567982155,-1.6503730544421051,0.999999999999029
246,5.913879995403524,-1.6503730598853585,0.9999999999990383
247,5.874681621384783,-1.6503730526173483,0.9999999999995124
248,5.835686289456086,-1.6503730654721251,0.9999999999995601
249,5.796892852707519,-1.6503730520543667,0.9999999999993725
250,5.75830017365178,-1.6503730601328324,0.9999999999994165
251,5.7199071240869985,-1.6503730557338325,0.9999999999996538
252,5.681712584959766,-1.6503730549202824,0.9999999999997182
253,5.6437154462287715,-1.6503730627563684,0.9999999999995763
254,5.605914606732963,-1.650373054686144,0.9999999999996012
255,5.568308974065588,-1.650373063982561,0.9999999999998128
256,5.530897464448339,-1.6503730578432287,0.999999999999807
257,5.493679002603789,-1.6503730612550263,0.999999999999666
258,5.456652521634015,-1.6503730609603888,0.9999999999997826
259,5.419816962905856,-1.6503730602595923,0.9999999999999047
260,5.383171275930961,-1.6503730632365659,0.9999999999998073
261,5.346714418248885,-1.6503730593257733,0.9999999999997939
262,5.3104453553182065,-1.6503730660207536,0.9999999999999043
263,5.274363060406144,-1.6503730592029056,0.9999999999998985
264,5.238466514477809,-1.6503730633542935,0.9999999999998561
265,5.20275470609137,-1.6503730610907015,0.9999999999999061
266,5.1672266312954065,-1.6503730611372316,0.9999999999999247
267,5.131881293525034,-1.65037306418768,0.9999999999999094
268,5.096717703502272,-1.6503730610724028,0.9999999999999305
269,5.061734879138832,-1.6503730661318832,0.9999999999999376
270,5.026931845438976,-1.6503730621621524,0.9999999999999327
271,4.9923076344053605,-1.6503730649707349,0.9999999999999527
272,4.957861284947046,-1.650373063074815,0.999999999999958
273,4.923591842788241,-1.650373064226721,0.9999999999999458
274,4.8894983603792355,-1.6503730637814173,0.9999999999999627
275,4.855579896809822,-1.6503730633407407,0.999999999999974
276,4.821835517723233,-1.6503730649514645,0.9999999999999625
277,4.788264295232106,-1.650373062804201,0.9999999999999676
278,4.754865307836653,-1.6503730661816463,0.9999999999999805
279,4.721637640343807,-1.6503730631804587,0.9999999999999774
280,4.688580383787858,-1.6503730648670931,0.9999999999999749
281,4.655692635353048,-1.650373064223702,0.9999999999999825
282,4.622973498297547,-1.6503730643206969,0.9999999999999849
283,4.59042208187858,-1.6503730652662532,0.9999999999999842
284,4.558037501279321,-1.6503730643270211,0.9999999999999853
285,4.525818877537104,-1.6503730659928246,0.9999999999999876
286,4.493765337472961,-1.6503730644873102,0.9999999999999902
287,4.461876013622568,-1.650373066227928,0.9999999999999898
288,4.430150044168448,-1.6503730646772157,0.9999999999999896
289,4.398586572873535,-1.650373065761903,0.9999999999999925
290,4.367184749016014,-1.6503730649581514,0.9999999999999938
291,4.335943727325337,-1.6503730653689,0.999999999999992
292,4.304862667919459,-1.6503730653509217,0.9999999999999938
293,4.273940736243384,-1.6503730651022464,0.9999999999999962
294,4.243177103008767,-1.650373065823786,0.9999999999999944
295,4.212570944134618,-1.6503730649970791,0.9999999999999949
296,4.182121440689297,-1.6503730663356264,0.9999999999999969
297,4.151827778833478,-1.650373065100249,0.9999999999999962
298,4.121689149764168,-1.6503730659596214,0.9999999999999962
299,4.091704749659887,-1.6503730654074533,0.9999999999999976
300,4.061873779626795,-1.6503730657093878,0.9999999999999976
301,4.0321954456458515,-1.6503730657773665,0.9999999999999971
302,4.00266895852095,-1.6503730656898878,0.999999999999998
303,3.973293533828061,-1.6503730660284437,0.9999999999999982
304,3.9440683918652804,-1.6503730657527527,0.9999999999999976
305,3.914992757603791,-1.6503730661368419,0.9999999999999984
306,3.8860658606398184,-1.650373065740658,0.9999999999999987
307,3.8572869351473575,-1.6503730662474512,0.9999999999999984
308,3.8286552198318575,-1.6503730656765014,0.9999999999999989
309,3.8001699578847328,-1.6503730662825156,0.9999999999999991
310,3.77183039693868,-1.6503730657087452,0.9999999999999989
311,3.7436357890238563,-1.6503730660378926,0.9999999999999989
312,3.7155853905248217,-1.6503730658962539,0.9999999999999991
313,3.687678462138284,-1.6503730659166205,0.9999999999999993
314,3.6599142688316015,-1.650373066129648,0.9999999999999993
315,3.6322920798020233,-1.6503730659502756,0.9999999999999996
316,3.6048111684366915,-1.6503730662730918,0.9999999999999996
317,3.5774708122733236,-1.650373066031384,0.9999999999999998
318,3.550270292961635,-1.6503730663149017,0.9999999999999996
319,3.523208896225416,-1.6503730660597524,0.9999999999999996
320,3.4962859118253,-1.6503730663433327,0.9999999999999998
321,3.469500633522191,-1.6503730660445413,0.9999999999999998
322,3.4428523590413254,-1.650373066329493,0.9999999999999998
323,3.4163403900369635,-1.6503730660547529,0.9999999999999996
324,3.3899640320576983,-1.6503730662366467,0.9999999999999996
325,3.3637225945123874,-1.6503730661190164,0.9999999999999996
326,3.3376153906366417,-1.6503730661794203,1.0
327,3.3116417374599187,-1.6503730662044864,1.0
328,3.285800955773162,-1.6503730661711504,0.9999999999999998
329,3.260092370097001,-1.6503730662710026,0.9999999999999998
330,3.2345153086505,-1.6503730661854017,1.0
331,3.209069103320422,-1.6503730663119396,1.0
332,3.1837530896310184,-1.6503730661983516,0.9999999999999998
333,3.158566606714308,-1.6503730663424288,0.9999999999999996
334,3.133508997280885,-1.6503730662083302,0.9999999999999998
335,3.108579607591181,-1.6503730663714742,1.0
336,3.0837777874272088,-1.6503730662219185,1.0
337,3.059102890064768,-1.6503730663502045,1.0
338,3.0345542722461127,-1.6503730662394345,1.0
339,3.010131294153046,-1.6503730663314298,1.0
340,2.9858333193804683,-1.6503730662573242,1.0
341,2.961659714910322,-1.6503730663169456,1.0
342,2.937609851085983,-1.65037306627524,0.9999999999999998
343,2.9136831015870177,-1.6503730663051386,1.0
344,2.8898788434043814,-1.6503730662950469,1.0
345,2.8661964568159606,-1.6503730662978608,1.0
346,2.842635325362523,-1.650373066316038,0.9999999999999998
347,2.8191948358240193,-1.650373066297062,1.0
348,2.7958743781962654,-1.650373066334824,1.0
349,2.7726733456679558,-1.650373066301585,1.0
350,2.7495911345980404,-1.6503730663488598,1.0
351,2.726627144493431,-1.6503730663083522,1.0
352,2.703780777987039,-1.6503730663580334,1.0
353,2.6810514408161326,-1.6503730663147147,1.0
354,2.6584385418010226,-1.6503730663637128,1.0
355,2.6359414928240383,-1.6503730663190965,0.9999999999999998
356,2.613559708808808,-1.650373066368032,1.0
357,2.59129260769986,-1.6503730663212182,1.0
358,2.569139610442467,-1.6503730663733678,1.0
359,2.5471001409628085,-1.6503730663229252,1.0
360,2.525173626148391,-1.6503730663657068,1.0
361,2.50335949582874,-1.6503730663274496,0.9999999999999998
362,2.481657182756352,-1.650373066358126,1.0
363,2.4600661225879144,-1.6503730663360847,1.0
364,2.4385857538657576,-1.6503730663547604,1.0
365,2.417215517999566,-1.6503730663458152,0.9999999999999998
366,2.3959548592483197,-1.6503730663571239,0.9999999999999998
367,2.3748032247024757,-1.650373066351678,1.0
368,2.3537600642663867,-1.6503730663617513,1.0
369,2.332824830640908,-1.6503730663519467,1.0
370,2.3119969793062682,-1.650373066363366,1.0
371,2.2912759685051176,-1.6503730663501424,1.0
372,2.2706612592258058,-1.6503730663603018,1.0
373,2.250152315185847,-1.6503730663513183,1.0
374,2.229748602815605,-1.650373066356007,0.9999999999999998
375,2.2094495912421364,-1.650373066356804,0.9999999999999998
376,2.189254752273275,-1.650373066355075,0.9999999999999998
377,2.1691635603818455,-1.6503730663632403,1.0
378,2.149175492690109,-1.6503730663584744,1.0
379,2.129290028954342,-1.6503730663665248,1.0
380,2.109506651549622,-1.650373066363079,0.9999999999999998
381,2.089824845454754,-1.6503730663658922,0.9999999999999998
382,2.070244098237393,-1.6503730663653204,1.0
383,2.050763900039301,-1.6503730663640273,1.0
384,2.0313837435617743,-1.6503730663645477,1.0
385,2.012103124051218,-1.6503730663638723,1.0
386,1.992921539284883,-1.6503730663629068,1.0
387,1.973838489556734,-1.6503730663659508,1.0
388,1.954853477663479,-1.6503730663626843,1.0
389,1.9359660088907242,-1.6503730663686136,1.0
390,1.917175590999271,-1.6503730663642817,1.0
391,1.898481734211558,-1.6503730663701388,1.0
392,1.8798839511982142,-1.650373066366486,1.0
393,1.861381757064764,-1.6503730663701832,0.9999999999999998
394,1.84297466933843,-1.6503730663680107,1.0
395,1.824662207955091,-1.6503730663695613,1.0
396,1.8064438952463397,-1.6503730663685137,0.9999999999999998
397,1.788319255926645,-1.6503730663691996,1.0
398,1.7702878170806808,-1.6503730663684635,0.9999999999999998
399,1.7523491081506952,-1.6503730663694265,0.9999999999999998
400,1.7345026609240521,-1.650373066368467,1.0
401,1.7167480095208547,-1.6503730663700473,1.0
402,1.6990846903816632,-1.6503730663688196,1.0
403,1.6815122422553417,-1.6503730663706964,0.9999999999999998
404,1.6640302061869794,-1.6503730663695049,1.0
405,1.6466381255059435,-1.6503730663711056,1.0
406,1.6293355458139929,-1.650373066370311,1.0
407,1.612122014973514,-1.6503730663711922,0.9999999999999998
408,1.5949970830958302,-1.650373066370994,0.9999999999999998
409,1.5779603025296218,-1.6503730663710616,1.0
410,1.5610112278494268,-1.6503730663713974,1.0
411,1.544149415844215,-1.650373066370937,1.0
412,1.527374425506074,-1.6503730663715652,1.0
413,1.5106858180189564,-1.6503730663709948,1.0
414,1.494083156747527,-1.6503730663716842,1.0
415,1.477566007226083,-1.6503730663712337,0.9999999999999998
416,1.4611339371475403,-1.6503730663719176,1.0
417,1.4447865163525415,-1.6503730663715017,0.9999999999999998
418,1.4285233168185711,-1.6503730663722729,0.9999999999999998
419,1.412343912649216,-1.650373066371666,1.0
420,1.396247880063464,-1.6503730663726208,0.9999999999999998
421,1.380234797385058,-1.65037306637173,1.0
422,1.3643042450319758,-1.6503730663728633,0.9999999999999998
423,1.3484558055059146,-1.6503730663718006,1.0
424,1.3326890633819048,-1.650373066373024,1.0
425,1.317003605297944,-1.6503730663719416,1.0
426,1.3013990199447238,-1.650373066373194,1.0
427,1.2858748980554155,-1.6503730663721088,0.9999999999999998
428,1.27043083239551,-1.650373066373404,1.0
429,1.255066417752751,-1.6503730663722174,1.0
430,1.2397812509270885,-1.6503730663732699,0.9999999999999998
431,1.2245749307207172,-1.6503730663722695,1.0
432,1.2094470579281913,-1.6503730663731855,1.0
433,1.1943972353265588,-1.6503730663723388,0.9999999999999998
434,1.17942506766558,-1.650373066373193,1.0
435,1.164530161658013,-1.65037306637251,1.0
436,1.149712125969927,-1.6503730663731917,1.0
437,1.1349705712110931,-1.6503730663727512,1.0
438,1.1203051099254249,-1.6503730663731022,1.0
439,1.105715356581471,-1.6503730663729612,1.0
440,1.0912009275629717,-1.6503730663729457,0.9999999999999996
441,1.0767614411594337,-1.6503730663730634,1.0
442,1.062396517556831,-1.6503730663728313,1.0
443,1.0481057788282657,-1.6503730663730685,1.0
444,1.0338888489247482,-1.6503730663728349,1.0
445,1.0197453536659968,-1.6503730663730711,1.0
446,1.005674920731302,-1.6503730663729443,0.9999999999999998
447,0.9916771796504186,-1.6503730663731642,0.9999999999999998
448,0.9777517617945379,-1.6503730663730685,1.0
449,0.9638983003672856,-1.6503730663733343,1.0
450,0.9501164303957653,-1.6503730663731198,1.0
451,0.936405788721666,-1.650373066373354,1.0
452,0.9227660139924018,-1.6503730663730973,1.0
453,0.9091967466523057,-1.6503730663732603,1.0
454,0.8956976289338658,-1.6503730663730598,0.9999999999999998
455,0.8822683048490011,-1.6503730663732588,1.0
456,0.8689084201804066,-1.6503730663730776,0.9999999999999998
457,0.8556176224728972,-1.6503730663732974,1.0
458,0.84239556102485,-1.6503730663731642,0.9999999999999998
459,0.8292418868796424,-1.650373066373311,0.9999999999999996
460,0.8161562528171588,-1.650373066373282,1.0
461,0.8031383133453542,-1.6503730663732805,0.9999999999999998
462,0.7901877246918065,-1.6503730663733787,1.0
463,0.7773041447953765,-1.6503730663732306,1.0
464,0.7644872332978612,-1.6503730663734182,1.0
465,0.7517366515357154,-1.6503730663732021,0.9999999999999996
466,0.7390520625317848,-1.6503730663734286,1.0
467,0.7264331309871382,-1.650373066373219,1.0
468,0.7138795232728651,-1.6503730663734246,0.9999999999999998
469,0.7013909074219601,-1.6503730663732699,0.9999999999999998
470,0.6889669531212462,-1.6503730663734018,1.0
471,0.6766073317033227,-1.650373066373323,1.0
472,0.6643117161385542,-1.6503730663733647,1.0
473,0.652079781027104,-1.6503730663733625,1.0
474,0.6399112025910085,-1.6503730663733265,0.9999999999999998
475,0.6278056586662764,-1.6503730663733833,0.9999999999999998
476,0.6157628286950451,-1.650373066373313,1.0
477,0.6037823937177658,-1.650373066373394,1.0
478,0.5918640363654158,-1.6503730663733194,0.9999999999999998
479,0.5800074408517615,-1.650373066373413,0.9999999999999998
480,0.5682122929656627,-1.6503730663733418,0.9999999999999998
481,0.5564782800633982,-1.6503730663734208,0.9999999999999998
482,0.5448050910610391,-1.6503730663733638,0.9999999999999998
483,0.5331924164268543,-1.6503730663733958,0.9999999999999998
484,0.5216399481737558,-1.6503730663733802,0.9999999999999998
485,0.510147379851777,-1.6503730663733758,0.9999999999999998
486,0.4987144065405847,-1.650373066373392,0.9999999999999998
487,0.48734072484203456,-1.6503730663733696,0.9999999999999998
488,0.47602603287275436,-1.650373066373403,0.9999999999999998
489,0.4647700302567644,-1.6503730663733722,0.9999999999999998
490,0.4535724181181369,-1.6503730663734186,0.9999999999999998
491,0.4424328990736842,-1.6503730663733815,0.9999999999999998
492,0.4313511772256867,-1.6503730663734224,0.9999999999999998
493,0.4203269581546516,-1.6503730663733907,0.9999999999999998
494,0.40935994891210975,-1.6503730663734062,0.9999999999999998
495,0.3984498580134408,-1.650373066373401,0.9999999999999998
496,0.38759639543073954,-1.6503730663733975,0.9999999999999998
497,0.37679927258570994,-1.6503730663734082,0.9999999999999998
498,0.36605820234259756,-1.650373066373394,0.9999999999999998
499,0.35537289900114927,-1.6503730663734186,0.9999999999999998
500,0.34474307828961476,-1.6503730663733975,0.9999999999999998
501,0.3341684573577719,-1.6503730663734264,0.9999999999999998
502,0.3236487547699925,-1.650373066373403,0.9999999999999998
503,0.31318369049833705,-1.6503730663734195,0.9999999999999998
504,0.30277298591568147,-1.6503730663734095,0.9999999999999998
505,0.29241636378887975,-1.650373066373414,0.9999999999999998
506,0.28211354827195617,-1.650373066373414,0.9999999999999998
507,0.27186426489932874,-1.6503730663734082,0.9999999999999998
508,0.26166824057907,-1.6503730663734224,0.9999999999999998
509,0.25152520358619007,-1.6503730663734082,0.9999999999999998
510,0.24143488355596301,-1.6503730663734277,0.9999999999999998
511,0.23139701147727534,-1.6503730663734104,0.9999999999999998
512,0.22141131968601024,-1.650373066373423,0.9999999999999998
513,0.21147754185846326,-1.650373066373416,0.9999999999999998
514,0.20159541300478628,-1.6503730663734186,0.9999999999999998
515,0.19176466946246523,-1.6503730663734195,0.9999999999999998
516,0.1819850488898283,-1.6503730663734153,0.9999999999999998
517,0.17225629025958297,-1.6503730663734246,0.9999999999999998
518,0.1625781338523842,-1.650373066373416,0.9999999999999998
519,0.15295032125043634,-1.6503730663734293,0.9999999999999998
520,0.14337259533111718,-1.6503730663734186,0.9999999999999998
521,0.13384470026064413,-1.650373066373423,0.9999999999999998
522,0.12436638148775829,-1.6503730663734208,0.9999999999999998
523,0.11493738573744508,-1.6503730663734195,0.9999999999999998
524,0.10555746100468562,-1.6503730663734246,0.9999999999999998
525,0.09622635654823129,-1.6503730663734195,0.9999999999999998
526,0.08694382288441324,-1.6503730663734264,0.9999999999999998
527,0.07770961178098144,-1.6503730663734208,0.9999999999999998
528,0.06852347625096883,-1.6503730663734277,0.9999999999999998
529,0.05938517054658711,-1.6503730663734224,0.9999999999999998
530,0.050294450153150545,-1.650373066373426,0.9999999999999998
531,0.0412510717830306,-1.650373066373426,0.9999999999999998
532,0.03225479336963737,-1.6503730663734224,0.9999999999999998
533,0.023305374061426836,-1.6503730663734264,0.9999999999999998
534,0.014402574215943978,-1.6503730663734224,0.9999999999999998
535,0.005546155393885701,-1.6503730663734277,0.9999999999999998
536,-0.0032641196468011532,-1.6503730663734246,0.9999999999999998
537,-0.012028486956798373,-1.6503730663734264,0.9999999999999998
538,-0.020747181401266218,-1.650373066373426,0.9999999999999998
539,-0.029420436665664622,-1.650373066373426,0.9999999999999998
540,-0.03804848526154402,-1.6503730663734277,0.9999999999999998
541,-0.046631558532316084,-1.650373066373426,0.9999999999999998
542,-0.055169886658988955,-1.6503730663734264,0.9999999999999998
543,-0.06366369866588041,-1.650373066373426,0.9999999999999998
544,-0.07211322242630609,-1.6503730663734264,0.9999999999999998
545,-0.08051868466822688,-1.6503730663734264,0.9999999999999998
546,-0.08888031097989176,-1.650373066373426,0.9999999999999998
547,-0.09719832581543159,-1.6503730663734264,0.9999999999999998
548,-0.10547295250044378,-1.6503730663734264,0.9999999999999998
549,-0.11370441323753744,-1.6503730663734293,0.9999999999999998
550,-0.12189292911186073,-1.6503730663734277,0.9999999999999998
551,-0.12189292911186073,-1.6503730663734293,0.9999999999999998
552,-0.12189292911186073,-1.6503730663734293,0.9999999999999998
553,-0.12189292911186095,-1.6503730663734277,0.9999999999999998
554,-0.1218929291118605,-1.6503730663734277,0.9999999999999998
555,-0.12189292911186073,-1.6503730663734277,0.9999999999999998
556,-0.1218929291118605,-1.6503730663734277,0.9999999999999998
557,-0.12189292911186073,-1.6503730663734293,0.9999999999999998
558,-0.12189292911186073,-1.6503730663734293,0.9999999999999998
559,-0.12189292911186095,-1.6503730663734293,0.9999999999999998
560,-0.12189292911186073,-1.6503730663734293,0.9999999999999998
561,-0.12189292911186073,-1.6503730663734277,0.9999999999999998
562,-0.12189292911186073,-1.6503730663734277,0.9999999999999998
563,-0.12189292911186073,-1.6503730663734277,0.9999999999999998
564,-0.12189292911186073,-1.6503730663734277,0.9999999999999998
565,-0.12189292911186095,-1.6503730663734293,0.9999999999999998
566,-0.1218929291118605,-1.6503730663734277,0.9999999999999998
567,-0.12189292911186073,-1.6503730663734277,0.9999999999999998
568,-0.12189292911186095,-1.6503730663734277,0.9999999999999998
569,-0.12189292911186073,-1.6503730663734277,0.9999999999999998
570,-0.12189292911186095,-1.6503730663734277,0.9999999999999998
