trial,I0_corrupted,I0_calibrated,recovery,psll_db
0,0.10746384158059344,0.9999999999952796,0.9999999999952796,-15.455821778921132
1,0.017232187426847616,0.9999999296494554,0.9999999296494554,-15.45509246168919
2,0.0033596070128930466,0.9999009203056619,0.9999009203056619,-15.418876533554489
3,0.015181012755485612,0.9999997762200762,0.9999997762200762,-15.45575343644523
4,0.05101069057872488,0.9999999999252092,0.9999999999252092,-15.455787736443112
5,0.008230454518813431,0.9999942898815247,0.9999942898815247,-15.440477217683615
6,0.027765236085318484,0.9999999999103022,0.9999999999103022,-15.455825583005787
7,0.061701238525186226,0.9999999999975273,0.9999999999975273,-15.455830971914734
8,0.026395947606719036,0.999999999558598,0.999999999558598,-15.455697456033926
9,0.026464773573538346,0.9999999997330071,0.9999999997330071,-15.455739357340867
10,0.014553469054346173,0.9999998008267513,0.9999998008267513,-15.455522094993855
11,0.0016701820098288028,0.9990507247006173,0.9990507247006173,-15.241804537760375
12,0.012436313982752313,0.999999463305666,0.999999463305666,-15.454796576294818
13,0.0013448593627043957,0.9986977223903589,0.9986977223903589,-15.287853585423987
14,0.012724792786249463,0.9999994290407985,0.9999994290407985,-15.45227631692602
15,0.005469909679411166,0.9999611177335874,0.9999611177335874,-15.433958895848887
16,0.04697993445159234,0.9999999999603448,0.9999999999603448,-15.455812094911732
17,0.013676723002100412,0.999999353318785,0.999999353318785,-15.4522913063158
18,0.008137952664812181,0.9999935662898136,0.9999935662898136,-15.451663887201242
19,0.019592428620329744,0.9999999435878363,0.9999999435878363,-15.454788554013781
