epoch,loss,worst_psll_db
0,24.31810205823022,-3.8752131180261666
1,24.23436443780722,-3.5526647164310043
2,24.15654085687009,-3.2786283116893506
3,24.08285257841798,-3.0339331014744757
4,24.010886438769063,-2.822313052659325
5,23.939521126837107,-2.6323529380871573
6,23.868380205800452,-2.4525933379591542
7,23.797746545288604,-2.2690393023466635
8,23.727691732710518,-2.0840604311750774
9,23.658226301023156,-1.892722718223099
10,23.589483138986918,-1.7021148775830537
11,23.521599300010465,-1.5155549501255496
12,23.454729259872703,-1.3374559197667786
13,23.388932963821023,-1.1710626552850125
14,23.32418822805034,-1.0154372433365761
15,23.260420823912003,-0.869617520126992
16,23.19748181961545,-0.7367521120458269
17,23.135197833302783,-0.6155423068045034
18,23.073421105692127,-0.499525813592881
19,23.012044076937027,-0.3916202129844406
20,22.950925882983558,-0.29121096699832577
21,22.889917483327395,-0.1966204764339769
22,22.82890747034112,-0.10665349590126458
23,22.767849943001018,-0.020458463527886064
24,22.70674001195727,0.06674952268689546
25,22.64555667609016,0.15602010429544388
26,22.5842107309244,0.2460910703462714
27,22.522546095303507,0.3388287889475119
28,22.460409095002415,0.43956785852036073
29,22.397646742108513,0.5451801252920205
30,22.334117680134156,0.6537006045851899
31,22.269652778779644,0.763142063319914
32,22.204076804510194,0.8698385383877233
33,22.137307926342963,0.9745939559374024
34,22.069489048680804,1.0688084774183881
35,22.001132051709423,1.1462898128508598
36,21.93322691883125,1.2118239926610468
37,21.867059790342154,1.2561546187649006
38,21.803856797207395,1.2850287129591873
39,21.744821131382917,1.3022160688043005
40,21.69129223302393,1.3079940541293624
41,21.641584699507508,1.3146517093208332
42,21.593354081877983,1.3212886780542379
43,21.54513848943859,1.3330120325479484
44,21.49623937674503,1.344190550086668
45,21.446545049595663,1.357641674941798
46,21.396378997532373,1.3696781593760452
47,21.346356816164583,1.3768325361984313
48,21.29722452338133,1.3791015075052784
49,21.249578318493185,1.3776017350616563
50,21.203510748083126,1.3742554491452195
51,21.158448890516397,1.3714275718164721
52,21.113728000530756,1.3740006145994468
53,21.068867217469357,1.3790545612827743
54,21.023599233719565,1.3862031868151525
55,20.97784906161672,1.3945182459392909
56,20.93169465025045,1.4027766854975154
57,20.88534232071803,1.413498728818468
58,20.839125971771043,1.422385339689349
59,20.79349245991997,1.4275496269754133
60,20.748949994369934,1.4288198673427623
61,20.705922180560968,1.4268144489027876
62,20.664499649674614,1.422880399084606
63,20.624369852106582,1.418740994783397
64,20.584950310319126,1.4159948794473511
65,20.545653151323414,1.415715941544051
66,20.50600635410411,1.4182733880066012
67,20.46572040634351,1.423378191785245
68,20.42470894593981,1.430266641979427
69,20.38307186823838,1.437919274554178
70,20.34105340655309,1.4452624305701782
71,20.298985509899282,1.4513480655477127
72,20.257223399310252,1.45566055843405
73,20.21607988987227,1.4594754379855082
74,20.17576490110417,1.460797600506479
75,20.13632195734125,1.4600235893817548
76,20.097630583239877,1.45775118509639
77,20.059471111779654,1.454611295720081
78,20.021608829548178,1.4511597402781073
79,19.983845220178573,1.4478379874331084
80,19.94605070261789,1.4465732676803735
81,19.908176455873008,1.4470156955532445
82,19.870242256162022,1.4484038092959222
83,19.83231023422861,1.4506306058333625
84,19.79445705644813,1.4535311395439363
85,19.756752943606454,1.4568826606056942
86,19.71924948942926,1.4604030122214173
87,19.68197383676417,1.4637539834389175
88,19.644928412904758,1.4665553621912046
89,19.608096587681743,1.4684143111402141
90,19.57145211883274,1.4689708713497516
91,19.534968505789852,1.4702259705613172
92,19.49862522192227,1.4726087999112663
93,19.462409807992596,1.4735982069849909
94,19.426316437859818,1.4731931331040067
95,19.390342957962872,1.4715752379370093
96,19.354487900662274,1.4702766828261278
97,19.31874875864906,1.4712540892450976
98,19.283120670951114,1.4713773922732063
99,19.24759730650211,1.4708921553937084
100,19.21217166409701,1.4699777267875795
101,19.176836973303097,1.468733145241032
102,19.141586853534715,1.4671860747049132
103,19.106414523187354,1.4653117880789
104,19.071311553906362,1.4630484498768235
105,19.03626667594741,1.460299219898686
106,19.001264799215445,1.4569187998433812
107,18.9662862774424,1.4526893599007529
108,18.93130654307414,1.4472955438862922
109,18.896296305196287,1.4424274838428222
110,18.861221509502823,1.4377054054663159
111,18.82604215020852,1.4309721392785426
112,18.790714544028585,1.4214526657477846
113,18.755179163730332,1.4082884163291292
114,18.719373422302436,1.395109035964523
115,18.68321640966409,1.3794372380788513
116,18.646612092334976,1.357535891755892
117,18.609445090507965,1.330344433670113
118,18.571589953608164,1.3009757395977353
119,18.532917966073622,1.261362801978874
120,18.493305955625495,1.2141052710665374
121,18.452640525197744,1.1588948838890658
122,18.410830946199102,1.0878494098726832
123,18.367826239119005,1.0103287695735848
124,18.323637764113073,0.9122318529629841
125,18.27836060151413,0.8044287164087385
126,18.232184771243293,0.6743762522391873
127,18.185392806926075,0.532771754673085
128,18.138336902133116,0.3716143036292652
129,18.0913965563895,0.1948700378199629
130,18.044921693353526,0.007504688997975559
131,17.999163112629095,-0.1947148160345173
132,17.954220937404163,-0.4021562478647666
133,17.910046157097277,-0.6159871875498721
134,17.86646717947739,-0.8328729672494478
135,17.8232339390574,-1.047720382009712
136,17.780074854455794,-1.2581748270870237
137,17.736746350697167,-1.4637910013341697
138,17.6930535032786,-1.6588506872592947
139,17.648844321385123,-1.8398517215638877
140,17.603997879377303,-2.0077930804398942
141,17.55842377704585,-2.158985878487731
142,17.512075617738628,-2.29386686427766
143,17.464984970643695,-2.4149471760785497
144,17.417311430898152,-2.521995979007326
145,17.369355884007522,-2.6137927114101442
146,17.321516510778682,-2.69791819469038
147,17.274181504471308,-2.769640177015299
148,17.22761799611914,-2.837369978567001
149,17.18206447729489,-2.900437123322232
150,17.13742142547898,-2.9577098945947244
151,17.093497530595123,-3.0082759336017
152,17.05006270242744,-3.049602840332361
153,17.00692172505468,-3.076213451731371
154,16.963937702680585,-3.082366239828926
155,16.921027579523315,-3.074711679551458
156,16.878147395043595,-3.064794432815593
157,16.83528967627815,-3.0563887792557054
158,16.792473677797908,-3.0517258648529393
159,16.749734697730887,-3.0500837509397485
160,16.70711093489948,-3.0510587756667435
161,16.66464582389184,-3.0546480838444707
162,16.62238464815768,-3.0610336818714616
163,16.58036081110394,-3.070262107570497
164,16.538587335602827,-3.082013181809298
165,16.49705638027417,-3.095557228418585
166,16.45575087370239,-3.109911672610197
167,16.41464414674717,-3.12407470670814
168,16.373704962750537,-3.1372579651029002
169,16.332897672938962,-3.1475741490948943
170,16.2921866520831,-3.1551072084418164
171,16.25154008321519,-3.1611508111257125
172,16.21093138834383,-3.166198727890468
173,16.170339863636585,-3.169691351013162
174,16.129749956732564,-3.1712697199238864
175,16.08914900649577,-3.1736855875893903
176,16.048524021865088,-3.1777547504154247
177,16.00785295876696,-3.181052198821086
178,15.967126557049385,-3.186851228811145
179,15.926274658723873,-3.1968655142490903
180,15.885351893084428,-3.2082906391811346
181,15.84428495545457,-3.2244322429398755
182,15.803045884887664,-3.2463358710312837
183,15.761597296778275,-3.2708637425540954
184,15.71990363637585,-3.3031884836632135
185,15.67792975288551,-3.340488193036806
186,15.635642349546506,-3.3859753844571743
187,15.593011280696253,-3.439614091619273
188,15.550009949959783,-3.502327165286524
189,15.506614778896527,-3.5764711728430783
190,15.462804938710518,-3.660828514054671
191,15.41855699536138,-3.7603806668832664
192,15.373836537794434,-3.8719255061619795
193,15.328588741305738,-4.001818376429986
194,15.282729897896253,-4.151245061923764
195,15.236150994358807,-4.322264867632915
196,15.188702390496934,-4.521593911861406
197,15.140192238570028,-4.75354158743949
198,15.090402889600208,-5.021901870242379
199,15.03929816947106,-5.331052576711266
200,14.987415825296498,-5.673959153687955
201,14.935705101512212,-5.941170883823918
202,14.885185231393555,-5.822631881761523
203,14.836703844865907,-5.718914108932083
204,14.790742622663108,-5.640519357413619
205,14.747281423680016,-5.589448172820251
206,14.705799805542265,-5.563762507725078
207,14.665455763852057,-5.557478662861193
208,14.625370190858867,-5.566485058208038
209,14.584871407858017,-5.587146810864949
210,14.543600220377016,-5.618083430046374
211,14.501475964303832,-5.660070542866075
212,14.458605279323915,-5.714338387378693
213,14.41521990446849,-5.7808595846084
214,14.371633337734107,-5.857684286199653
215,14.32815873147428,-5.941371218833282
216,14.285013315548214,-6.028040929146368
217,14.242291504054425,-6.114492938785516
218,14.200017374646029,-6.198765089400621
219,14.158201606823601,-6.279922596915341
220,14.116840110768946,-6.3544946654420755
221,14.075880133200627,-6.424872202422163
222,14.03521440101869,-6.351292053786809
223,13.994721189731967,-6.296675438374484
224,13.954312291217466,-6.263011539072833
225,13.913945072845689,-6.24942557625929
226,13.8735985769635,-6.254428691193809
227,13.83325209689868,-6.275327300637037
228,13.792886691586746,-6.308117968002566
229,13.752498747189131,-6.350016822902006
230,13.712109842459354,-6.397605328893061
231,13.671745214939826,-6.448424776441886
232,13.631422968801491,-6.50112007234125
233,13.591148415825566,-6.555175773517476
234,13.550921360078199,-6.610415411831845
235,13.510740348986284,-6.664385301199042
236,13.470599579718666,-6.654331263180463
237,13.430486645973172,-6.64442256454738
238,13.390387926943827,-6.63540427172811
239,13.350294995698595,-6.628191125907246
240,13.310204383316318,-6.623607276192534
241,13.270113269403227,-6.622172818488513
242,13.230017702075925,-6.624021849846756
243,13.189914350486532,-6.62895243358477
244,13.14980202072815,-6.6365546624878515
245,13.109680510939048,-6.646356233292393
246,13.069548392090077,-6.657944243089413
247,13.029402560835559,-6.671046337687743
248,12.989239763616268,-6.685569432780837
249,12.949057760962281,-6.700926510102514
250,12.908854530456711,-6.7174355761885955
251,12.868627218118842,-6.735534827600617
252,12.828372583187264,-6.755172012946902
253,12.788088058945512,-6.776058510852948
254,12.747771777590557,-6.7976662742746194
255,12.707421675387822,-6.819307270140758
256,12.667035121620394,-6.837966770377114
257,12.626609651128447,-6.855179214580634
258,12.586144660460683,-6.87066626930605
259,12.545641290468197,-6.88423206492069
260,12.50510140901667,-6.894167127198959
261,12.464527300207186,-6.900799275309328
262,12.423921934796192,-6.905412316076713
263,12.383290041236588,-6.9081559217183095
264,12.342637909936403,-6.907115857563394
265,12.301973917311072,-6.903940980253291
266,12.261308884267654,-6.899712419854755
267,12.220656522875316,-6.894674883505529
268,12.180032738078296,-6.887545565880999
269,12.139454036872822,-6.879137975600251
270,12.098936366807433,-6.870662356501801
271,12.058493698813228,-6.86246392263043
272,12.018137398496467,-6.855012815229947
273,11.977875743335652,-6.848794884315867
274,11.937713653369945,-6.843148877802565
275,11.897652652166578,-6.8399765469594955
276,11.857690990054175,-6.839544350997394
277,11.817824275538275,-6.841951909480455
278,11.778046060497001,-6.847184910338699
279,11.738348768651019,-6.85518816837972
280,11.698724442099333,-6.865915544579407
281,11.659165265180182,-6.879336493709577
282,11.619664055842744,-6.89540619220246
283,11.5802146799907,-6.914026288592753
284,11.540812381584683,-6.935021921525447
285,11.501453921833098,-6.95742662555929
286,11.46213748510655,-6.981556565094955
287,11.422862493812957,-7.007161816542789
288,11.383629417701467,-7.033909825868055
289,11.344439577591771,-7.061479088808785
290,11.305294885033527,-7.089581733411331
291,11.266197534186073,-7.117987268325886
292,11.227149785231742,-7.1465331375092775
293,11.188153949214993,-7.175114512926816
294,11.149212566086288,-7.202695753860224
295,11.110328639484006,-7.229990398696934
296,11.071505801922374,-7.2571559390066485
297,11.032748308163399,-7.284197184545105
298,10.99406078963614,-7.311178889933684
299,10.95544780903357,-7.337974699607171
300,10.916913355691529,-7.363714550748948
301,10.87846049579362,-7.389727674756749
302,10.840091313499075,-7.416090182837687
303,10.801807116976617,-7.44224093904327
304,10.763608779352221,-7.46754909967006
305,10.725497068760722,-7.493170786890562
306,10.687472854596622,-7.518434683526597
307,10.649537134829325,-7.542645039624512
308,10.61169090527113,-7.567046752850032
309,10.573934959568021,-7.590245227493022
310,10.536269735206043,-7.61300878690701
311,10.49869529502088,-7.6355048537750045
312,10.46121146650127,-7.656599428940432
313,10.423818072513463,-7.677722242285996
314,10.386515118334206,-7.697807776435069
315,10.349302809912132,-7.71737144551126
316,10.312181378752097,-7.73709535896571
317,10.275150810951333,-7.755620559882943
318,10.238210636613088,-7.774476153150691
319,10.2013599004914,-7.793441228952258
320,10.164597333997422,-7.811738435764227
321,10.127921640713248,-7.830491293308462
322,10.091331747757383,-7.84897392994504
323,10.054826893771097,-7.8670999069907355
324,10.018406512444786,-7.885579066384235
325,9.982069983990332,-7.903452229003934
326,9.945816406530517,-7.921246844938539
327,9.909644535292065,-7.939404346232909
328,9.873552938851843,-7.957199659027449
329,9.837541224673078,-7.975060798229338
330,9.801606477614044,-7.993466517320936
331,9.765748963995545,-8.01241837776552
332,9.729968096161132,-8.031083577638348
333,9.694263059825115,-8.05045915264305
334,9.658632574075748,-8.07055565698368
335,9.623074887284396,-8.091354053963974
336,9.587587986098034,-8.111876217770277
337,9.55216985833466,-8.132918977232247
338,9.516818644626701,-8.154446855746704
339,9.481532573423612,-8.176391888617513
340,9.44630974285766,-8.197976365834855
341,9.411147906746992,-8.219705081214322
342,9.376044431400604,-8.241825360487475
343,9.340996474121665,-8.26437397291089
344,9.306001248701913,-8.287394742856693
345,9.271056192146977,-8.3101658181205
346,9.236158921302962,-8.333509211452622
347,9.201307003053278,-8.357425023906693
348,9.166497700134636,-8.381887081582567
349,9.131727870041054,-8.406842080048433
350,9.096994098849246,-8.432213512934139
351,9.062292959016013,-8.457362913948163
352,9.027621191599382,-8.482590791389944
353,8.992975773704206,-8.50801365694945
354,8.95835386407862,-8.533635251215369
355,8.923752729453986,-8.559502141899488
356,8.889169752139109,-8.585695921157876
357,8.854602543933286,-8.612212826209907
358,8.820049100751671,-8.638769748445414
359,8.785507895038615,-8.665998589346355
360,8.750977849236254,-8.693956400469363
361,8.716458216455322,-8.72265160093098
362,8.681948457888184,-8.752043076487212
363,8.647448197446248,-8.78204763289652
364,8.612957271280548,-8.812553842192543
365,8.57847582928249,-8.843440864963503
366,8.54400442483781,-8.87460012163643
367,8.509544057343707,-8.905901273021446
368,8.475096176821177,-8.93691418210151
369,8.44066267393676,-8.968095223672348
370,8.406245855031084,-8.999500318823513
371,8.371848404282481,-9.031201894382493
372,8.337473330697152,-9.063265480433971
373,8.30312388447684,-9.095727712371474
374,8.268803469527723,-9.128579225569718
375,8.234515575331583,-9.16175713087611
376,8.200263720536617,-9.195150169562766
377,8.166051397378428,-9.228615227981619
378,8.13188201466449,-9.262000215806683
379,8.097758856130241,-9.29516760908181
380,8.063685077202665,-9.328014071151456
381,8.029663743308783,-9.360111311633004
382,7.995697877299278,-9.39173310586821
383,7.961790468595651,-9.422981039809644
384,7.927944417162728,-9.453923204719324
385,7.894162443913526,-9.484630789733636
386,7.860447043537676,-9.515156733718854
387,7.826800519756912,-9.545518713875506
388,7.793225076894633,-9.575689365005003
389,7.759722884754234,-9.605597084169965
390,7.7262960411281725,-9.62862561514647
391,7.692946431778681,-9.63337485543971
392,7.659675573345031,-9.637702556976215
393,7.626484548112177,-9.641674256044473
394,7.59337407528248,-9.645430084329504
395,7.560344660006744,-9.649157454913382
396,7.527396703262552,-9.65305091498385
397,7.494530493542288,-9.657268969736034
398,7.461746105339203,-9.661898968551407
399,7.429043311370033,-9.666938331523653
400,7.396421603669622,-9.672296032281425
401,7.363880320837529,-9.677813816577011
402,7.331418778333,-9.683302342815544
403,7.299036285270524,-9.688584182889073
404,7.266732022931433,-9.69353462660187
405,7.234504884193039,-9.69811267205442
406,7.202353423869655,-9.702376304524954
407,7.170275994598135,-9.70647748883514
408,7.1382709996675,-9.710635326147454
409,7.106337099105575,-9.715091601682342
410,7.07447323861324,-9.7200591371719
411,7.042678508449906,-9.725676221430687
412,7.010951969018154,-9.731978552300696
413,6.979292594511224,-9.738895137877037
414,6.947699374281643,-9.746268561497576
415,6.916171469113873,-9.753894239922978
416,6.884708268526873,-9.761569098232528
417,6.8533092809192695,-9.769138724340506
418,6.821973938417823,-9.77653337270691
419,6.7907014820689655,-9.78378548277732
420,6.759491034068791,-9.791023811461985
421,6.728341808372809,-9.79844312603041
422,6.697253290845589,-9.806254782722336
423,6.666225239808908,-9.813183849485261
424,6.635257504544023,-9.820701011140011
425,6.604349810605638,-9.828890441114241
426,6.573501687502473,-9.837636747072924
427,6.542712591622812,-9.846742601891115
428,6.511982108609347,-9.855973978566595
429,6.481310050075934,-9.8651133979251
430,6.450696352365174,-9.874009199827844
431,6.420140861968923,-9.882609902383454
432,6.389643197957067,-9.89097539786545
433,6.3592028199086625,-9.899260987068836
434,6.328819251277631,-9.90767638828542
435,6.298492269060808,-9.916429122786262
436,6.268221895807055,-9.925667469953803
437,6.238008202862501,-9.935439176733826
438,6.207851102518804,-9.945677437857341
439,6.177750318333541,-9.956217450635979
440,6.1477055623729715,-9.966838309849848
441,6.117716755850427,-9.977318719431064
442,6.087784082019747,-9.987492288625745
443,6.057907807929288,-9.997289120251981
444,6.028088025320299,-10.006753932227674
445,5.998324543085525,-10.016035793374554
446,5.968617033573823,-10.02535044625488
447,5.938965306092181,-10.034923198044904
448,5.909369461326824,-10.044927120857531
449,5.879829786646011,-10.055434556358867
450,5.850346492296249,-10.066396750830847
451,5.820919539425609,-10.077657502131709
452,5.791548725150772,-10.088996096544296
453,5.762233941369834,-10.100186837009439
454,5.732975348130901,-10.111059002868721
455,5.703773275414422,-10.120712002849872
456,5.674627928996138,-10.120099247042013
457,5.645539176681669,-10.119191536429115
458,5.616506630084754,-10.118232382289719
459,5.587529962043293,-10.117452379924039
460,5.558609169639818,-10.117004160934362
461,5.529744535527991,-10.116920407041242
462,5.500936326706471,-10.117106893592618
463,5.472184526039588,-10.11737191505935
464,5.443488860196973,-10.117482809504159
465,5.414849089861148,-10.117233080037337
466,5.38626525761509,-10.116501265349434
467,5.357737624539753,-10.115285151223896
468,5.329266343016366,-10.113701566933313
469,5.300851193869512,-10.111951658694519
470,5.272491669509328,-10.110261710728274
471,5.244187344610635,-10.108817131128209
472,5.215938178512202,-10.10770959382485
473,5.187744449140024,-10.106913449200182
474,5.159606384097285,-10.106298237158494
475,5.131523845948932,-10.105672539427983
476,5.103496361193503,-10.104844809155287
477,5.075523569471518,-10.10368238951914
478,5.047605578712439,-10.102151332044873
479,5.0197426263319045,-10.100325620740978
480,4.991934679093274,-10.098363280774652
481,4.964181329676287,-10.096456741626978
482,4.936481947366082,-10.094772921478317
483,4.908836125276537,-10.093402062245804
484,4.88124393591323,-10.09233191896129
485,4.853705633831149,-10.091455667704448
486,4.826221230519519,-10.09061026088957
487,4.798790351356747,-10.08963158703226
488,4.771412489306741,-10.088407905531122
489,4.744087410557364,-10.086914757646326
490,4.716815217182827,-10.085221118332308
491,4.689595995928322,-10.083465441841067
492,4.662429477318603,-10.081809387202592
493,4.635315055840335,-10.08038418866947
494,4.608252155157472,-10.079247517732933
495,4.5812405910077905,-10.078365741342793
496,4.554280535975733,-10.077627926665148
497,4.527372090468577,-10.076886406921776
498,4.5005149544265395,-10.076008956380837
499,4.473708570209419,-10.074924023243598
500,4.446952545937663,-10.07364400664843
501,4.420246858432757,-10.072259703540379
502,4.393591593013459,-10.070908422967303
503,4.366986526348135,-10.06972644320287
504,4.34043105995701,-10.068801665367953
505,4.313924586587237,-10.068142882118519
506,4.287466863758832,-10.067677104084963
507,4.26105798706905,-10.06727658406502
508,4.23469800061708,-10.066805762498618
509,4.208386587041638,-10.066170446948409
510,4.182123193759058,-10.065351114719762
511,4.155907424657713,-10.06440902665453
512,4.129739207660642,-10.063463963276613
513,4.103618541825205,-10.062651748190119
514,4.077545146753681,-10.0620760013662
515,4.051518445935236,-10.061770660623049
516,4.025537908185986,-10.06168696838337
517,3.999603340456087,-10.06171072414192
518,3.973714786972201,-10.061704335311612
519,3.9478721665104617,-10.061557902284207
520,3.9220750870801093,-10.061229610860742
521,3.8963230439829646,-10.060760400438033
522,3.8706157318864323,-10.06025839570027
523,3.844953078638466,-10.05985957609935
524,3.8193349724917667,-10.059478503905412
525,3.7937610378368536,-10.059139762488305
526,3.768230746934467,-10.058979223059588
527,3.7427437288233296,-10.058905849938922
528,3.717299888555239,-10.058810982011524
529,3.6918991945109862,-10.058609750401109
530,3.6665414105778,-10.058273905019956
531,3.641226103089971,-10.057842671991077
532,3.6159528900041167,-10.05740773924588
533,3.5907215990876904,-10.057078937333003
534,3.5655321380311564,-10.056943777202491
535,3.5403842608527,-10.057035235147346
536,3.515277544379038,-10.057319060948577
537,3.490211605478123,-10.057705736721234
538,3.4651862736046914,-10.058083862216606
539,3.440201498514176,-10.05836299045483
540,3.415257121703341,-10.058508824382839
541,3.390352807997916,-10.05855617641473
542,3.365488210143736,-10.05859475052892
543,3.340663133613782,-10.058734272546022
544,3.3158774845645875,-10.059062970582078
545,3.2911310851169033,-10.05961471271317
546,3.2664236155043103,-10.060356432462418
547,3.2417547626887053,-10.061200691803906
548,3.2171243729194114,-10.062039547887583
549,3.1925324046705152,-10.062787167003089
550,3.167978750714907,-10.063413830687296
551,3.143463167737127,-10.063956974594426
552,3.1189853957843487,-10.06450508634191
553,3.0945452926639136,-10.065162010734506
554,3.070142801117169,-10.066006429976238
555,3.045777806922815,-10.067061897929184
556,3.021450094946298,-10.068288308268983
557,2.9971594665207233,-10.069598175836507
558,2.9729058536902593,-10.07089205341082
559,2.948689272445271,-10.07209914072353
560,2.9245096819610836,-10.073205887777402
561,2.9003669417253324,-10.074260305710085
562,2.8762609153572507,-10.075350831540781
563,2.8521915678877554,-10.076569615514439
564,2.8281589236671385,-10.077975562430904
565,2.8041629559528167,-10.079571366732145
566,2.7802035735970745,-10.081303153477965
567,2.756280725666031,-10.08308313149219
568,2.7323944735607304,-10.084826514124657
569,2.708544927014586,-10.086487111633177
570,2.684732133340769,-10.088075845247166
571,2.660956071437524,-10.089654352918586
572,2.6372167502494857,-10.091307540807016
573,2.613514267228616,-10.093107656538402
574,2.5898487486564155,-10.095084674293773
575,2.5662202679294057,-10.097214428493238
576,2.5426288664423975,-10.099429230821906
577,2.5190746469713985,-10.101528921991946
578,2.4955578005901016,-10.103313549254178
579,2.472078523526384,-10.105050233110088
580,2.4486369388023426,-10.106786959832048
581,2.4252331290491336,-10.108591107206665
582,2.401867226910265,-10.110519357340577
583,2.378539431551878,-10.112593419872693
584,2.355249934212987,-10.114791083035442
585,2.331998870610852,-10.117055786813829
586,2.308786373865206,-10.119321025358028
587,2.285612646595449,-10.121539433453478
588,2.2624779380822364,-10.123703176015432
589,2.239382451533856,-10.125845737833254
590,2.2163263108208,-10.128024750411024
591,2.1933096303140465,-10.130294988662207
592,2.170332582547328,-10.132684128007131
593,2.1473953672655757,-10.135180958424357
594,2.1244981367682305,-10.137740193717308
595,2.1016409963000253,-10.140302051454803
596,2.0788240781827825,-10.14281862373501
597,2.0560475696577853,-10.145274789881107
598,2.033311641140496,-10.147693186835449
599,2.0106163742573138,-10.150121253426814
600,1.9879617940062317,-10.152607923839678
601,1.9653479559682303,-10.15518144706885
602,1.9427749607149152,-10.157837270122057
603,1.920242884039183,-10.16054004890947
604,1.8977517420574126,-10.163239051323409
605,1.8753015502738108,-10.165890856118939
606,1.8528923745083217,-10.168478653598253
607,1.8305242515848574,-10.17101813502983
608,1.8081970350595418,-10.173547476665433
609,1.7859104390235698,-10.176107882231255
610,1.7636643952270363,-10.178724672855841
611,1.7414591641005464,-10.1813964485451
612,1.7192948791231117,-10.184095845738197
613,1.6971712391884026,-10.186781791728748
614,1.6750878013698602,-10.189418445947496
615,1.6530444617902844,-10.191991562342565
616,1.6310414148295158,-10.194513543795827
617,1.6090786167038,-10.197015195417798
618,1.5871556529740178,-10.199529841213648
619,1.5652721613220617,-10.2020780925835
620,1.54342810346765,-10.20465915941497
621,1.5216234911550357,-10.207251460449584
622,1.4998580585421235,-10.209822682482834
623,1.478131430258667,-10.212345389297173
624,1.456443445309316,-10.21481010382561
625,1.4347940794711742,-10.217228552542984
626,1.4131831384397877,-10.21962623998655
627,1.3916102626385465,-10.222029655324738
628,1.3700751807452642,-10.224454451211917
629,1.3485777825087462,-10.226898825941102
630,1.3271179427358644,-10.229344614540034
631,1.3056954012164461,-10.231766404252774
632,1.2843098752153286,-10.234144627941875
633,1.262961203924617,-10.236475241302397
634,1.2416492845214715,-10.238770693761413
635,1.2203739236481195,-10.241052855801042
636,1.1991348517933507,-10.24334258528179
637,1.1779318565636527,-10.245650566373302
638,1.156764822251597,-10.24797275187504
639,1.1356336284516109,-10.25029270087634
640,1.1145380799095914,-10.252590443617777
641,1.0934779756902369,-10.25485328021421
642,1.072453188762755,-10.25708219333907
643,1.05146362471153,-10.259290717869913
644,1.030509141081167,-10.261497966742727
645,1.0095895615991017,-10.263719782927598
646,0.9887047518041816,-10.265961683627634
647,0.9678546324583033,-10.268216589577365
648,0.9470391187709676,-10.270468943414189
649,0.9262580881309058,-10.272703447740684
650,0.9055114223695095,-10.274913422616478
651,0.8847990450330174,-10.277104119684848
652,0.864120891581817,-10.279289821900159
653,0.8434768731713912,-10.281486825202293
654,0.8228668989791972,-10.283705737206677
655,0.8022909127114664,-10.285946578450073
656,0.781748877517525,-10.288199217839235
657,0.761240736818936,-10.29044918390876
658,0.7407664193189585,-10.292685724134587
659,0.720325876995414,-10.294907585136208
660,0.6999190874626087,-10.297123554177334
661,0.6795460183592457,-10.299347873671
662,0.659206619378524,-10.301593081601393
663,0.6389008560816571,-10.303863817668546
664,0.6186287243131164,-10.306154707166783
665,0.5983902190239794,-10.308453533363744
666,0.578185311018925,-10.310748041619684
667,0.5580139686108219,-10.313032611572083
668,0.5378761833518749,-10.3153111952458
669,0.5177719574967939,-10.317595096511818
670,0.497701280742638,-10.319896923652642
671,0.4776641389941892,-10.322223978145306
672,0.45766053676724133,-10.324574553913283
673,0.43769049007984057,-10.326939048364679
674,0.4177540005878113,-10.329305275454166
675,0.39785105502852824,-10.331665141279272
676,0.3779816490137701,-10.334019013830055
677,0.3581457940632772,-10.336375351869084
678,0.3383435000279408,-10.338745909024274
679,0.3185747675524769,-10.341139305268367
680,0.29883960260618214,-10.34355645112112
681,0.27913802325922205,-10.345990171903408
682,0.2594700438291272,-10.348429211600642
683,0.2398356631587162,-10.350864485373181
684,0.22023487667440955,-10.353294088529593
685,0.2006676910459503,-10.355724185969738
686,0.18113411858380088,-10.35816535999938
687,0.16163416533238595,-10.360626643700579
688,0.14216783472573874,-10.363110587310656
689,0.12273513706602907,-10.365611953969642
690,0.1033360842116437,-10.36812072003629
691,0.0839706770738502,-10.370627770425342
692,0.0646389076495425,-10.373130047471886
693,0.0453407723697552,-10.375632135469461
694,0.02607627541592039,-10.378143458161503
695,0.006845420240749522,-10.380672866119294
696,-0.012351792720869836,-10.383223698012857
697,-0.03151535866744015,-10.385792000901645
698,-0.05064526808687825,-10.38836889120281
699,-0.06974152226733882,-10.39094573073983
700,-0.08880415697841287,-10.393519101666476
701,-0.10783325539685534,-10.396092668690674
702,-0.12682889999732383,-10.398674912613565
703,-0.14579106311574758,-10.401274142856487
704,-0.16471961384328643,-10.40389373052485
705,-0.18361448753091386,-10.406530321171708
706,-0.20247576963900077,-10.409175964350151
707,-0.2213036095140623,-10.411822825912305
708,-0.24009808246636105,-10.414467715706508
709,-0.25885913150071194,-10.41711380805708
710,-0.27758667326652636,-10.419580881995271
711,-0.29628073181565506,-10.421675581602003
712,-0.3149414123484268,-10.423779935236055
713,-0.33356877205493496,-10.425894665379506
714,-0.35216277124891365,-10.428015832350956
715,-0.37072342242066825,-10.430137263918397
716,-0.3892510167696286,-10.432254333129197
717,-0.40774592780255736,-10.434366847095545
718,-0.42620793120655953,-10.436479248761941
719,-0.44463642372093237,-10.438597941864106
720,-0.4630314268823594,-10.440727359057924
721,-0.481393547589401,-10.442867396036474
722,-0.49972317119342585,-10.44501393463758
723,-0.5180199859486487,-10.447161301024925
724,-0.5362836153429502,-10.449305814529652
725,-0.5545142986070595,-10.45144806748464
726,-0.5727125125880528,-10.453592425229687
727,-0.5908782482991762,-10.455744416472266
728,-0.6090112204064683,-10.457907589831292
729,-0.6271114945903116,-10.460081773750263
730,-0.6451793723422028,-10.462263434804841
731,-0.6632149606794161,-10.464447663300017
732,-0.6812181717732794,-10.466631269662372
733,-0.6991889973403296,-10.468815129200236
734,-0.717127608189918,-10.471003588371461
735,-0.7350341566583389,-10.473201587718169
736,-0.7529086470260726,-10.475412094216692
737,-0.7707510802846602,-10.477634872611958
738,-0.7885615571638861,-10.479866737411875
739,-0.8063401945650631,-10.482103622438455
740,-0.8240870696294309,-10.484343248655872
741,-0.8418022335853315,-10.48658671386962
742,-0.8594857379128933,-10.488838010340391
743,-0.8771376717275279,-10.491101704504892
744,-0.8947581387560593,-10.49338051137613
745,-0.9123472124306093,-10.495674124314412
746,-0.9299049470236357,-10.497979815633702
747,-0.9474314088471588,-10.500294521760411
748,-0.9649266891479302,-10.502617018066081
749,-0.9823908903471572,-10.50454337850959
750,-0.9998240893165307,-10.50608716560177
751,-1.017226339716824,-10.507640526209963
752,-1.0345977141507716,-10.509207546704678
753,-1.0519383092423273,-10.51078968247863
754,-1.0692482161744779,-10.512385300538753
755,-1.086527507773342,-10.513991178976568
756,-1.1037762498725892,-10.515605052627453
757,-1.1209945209793226,-10.517227363247763
758,-1.138182414612786,-10.518861198404515
759,-1.1553400178698312,-10.520510908705772
760,-1.1724674026208148,-10.522180136960124
761,-1.189564639025883,-10.52387020997532
762,-1.2066318064769275,-10.525579847678411
763,-1.2236689916078334,-10.527306671070315
764,-1.240676280004258,-10.529049394756097
765,-1.257653749870136,-10.530809165310743
766,-1.2746014755044996,-10.532589276079596
767,-1.2915195343662718,-10.534393877236944
768,-1.3084080069668382,-10.53622625727291
769,-1.3252669735418856,-10.538087806397339
770,-1.342096513614786,-10.539977922131513
771,-1.3588967063355817,-10.541895423997957
772,-1.3756676305886635,-10.543840070831735
773,-1.3924093653098115,-10.54581391126533
774,-1.4091219885925148,-10.54782045077641
775,-1.4258055776039518,-10.54986417797631
776,-1.4424602100650867,-10.551948074002214
777,-1.4590859648993892,-10.55407450838507
778,-1.4756829216891143,-10.55624292543293
779,-1.4922511600241228,-10.557817288790437
780,-1.5087907586197224,-10.558961973070765
781,-1.5253017950713286,-10.560139134069477
782,-1.5417843469170134,-10.561347282535216
783,-1.5582384924420671,-10.562601676193568
784,-1.574664310817103,-10.563889357743232
785,-1.591061882071031,-10.56524047570701
786,-1.607431286963618,-10.566607434512186
787,-1.623772606037516,-10.568073352484406
788,-1.6400859196843525,-10.569497587624305
789,-1.656371307716504,-10.571135058528213
790,-1.6726288491553936,-10.572549406181007
791,-1.6888586178983842,-10.574536543480828
792,-1.7050606710247993,-10.575679056957444
793,-1.7212349986884772,-10.578566153806076
794,-1.737381362525411,-10.578465948033593
795,-1.7534987009657914,-10.5840940578629
796,-1.7695831121125964,-10.579549258526527
797,-1.7856217214895023,-10.59266383243047
798,-1.801583494881722,-10.580697516831602
799,-1.817458518773875,-10.5925367569622
800,-1.83340389337656,-10.598009827903326
801,-1.849537924989071,-10.581787805538713
802,-1.8655596634313851,-10.598351830360704
803,-1.8813491605671149,-10.60107625789006
804,-1.8972140289756143,-10.582014032037126
805,-1.9131744031820306,-10.604237487517263
806,-1.9289921366047487,-10.606857418567657
807,-1.9447233373670192,-10.584840783574396
808,-1.9605497761896813,-10.606586407684272
809,-1.9763408266588116,-10.61382590690574
810,-1.991995357631176,-10.593967834847042
811,-2.0077099617893897,-10.610293075566211
812,-2.023433876315788,-10.620015626703587
813,-2.0390302218722773,-10.603825984705944
814,-2.054653973339718,-10.61290223413118
815,-2.070288203709149,-10.621123907681692
816,-2.085833500147105,-10.609988485281757
817,-2.1013737219501296,-10.614902268238168
818,-2.1169215338339735,-10.622826283267324
819,-2.132413707846171,-10.618364743242505
820,-2.147875166461375,-10.62150367507805
821,-2.1633421538678377,-10.629444930670397
822,-2.178777030899513,-10.626957053667148
823,-2.194168418002124,-10.624153464353107
824,-2.2095620418722386,-10.628499574709059
825,-2.2249346194541317,-10.633513750503642
826,-2.2402645221761857,-10.631073955513253
827,-2.255590552114264,-10.634884677390167
828,-2.2709005616338978,-10.640712356310765
829,-2.2861753230748536,-10.636106698110906
830,-2.301438621816061,-10.63614495757941
831,-2.3166888038223736,-10.646904931156115
832,-2.3319124010208068,-10.644972869433897
833,-2.347117005012324,-10.642890671405485
834,-2.3623099412599298,-10.65033403814779
835,-2.377482052044996,-10.650644017592706
836,-2.392630164300794,-10.652551946506092
837,-2.407764537464142,-10.65629181343693
838,-2.422880580305489,-10.655923475534026
839,-2.4379702918501467,-10.662991662353555
840,-2.4530417068018604,-10.663325637429155
841,-2.4680945643326537,-10.663254451850783
842,-2.4831199822627457,-10.672139906351816
843,-2.4981225475923954,-10.670710877417743
844,-2.513104427916687,-10.672470406585262
845,-2.5280599218303266,-10.680959282126874
846,-2.5429892184434104,-10.67821829226533
847,-2.55789555829232,-10.682901866378028
848,-2.5727775635459076,-10.689731205551535
849,-2.587632404304292,-10.68637175957927
850,-2.602461303513988,-10.693397199354184
851,-2.6172670821747337,-10.698005451287676
852,-2.632047533893085,-10.69597890792408
853,-2.646800470709961,-10.703238429912448
854,-2.6615284970747988,-10.705770899146351
855,-2.676233058975086,-10.707066346173505
856,-2.6909115329973314,-10.712364939320908
857,-2.705563519254846,-10.713992531149955
858,-2.720191048763092,-10.718886385043767
859,-2.73479423956599,-10.72101170890364
860,-2.749371614656108,-10.723421898676438
861,-2.7639222014856406,-10.730487603174758
862,-2.778446588685785,-10.730472982185725
863,-2.7929446921617456,-10.734102015653162
864,-2.8074139784670527,-10.738492587745839
865,-2.8218525728935626,-10.74230630460682
866,-2.836260145817034,-10.745576092198688
867,-2.850635445032191,-10.746997765153246
868,-2.86497739211506,-10.753371585199227
869,-2.879285763676592,-10.759596464734775
870,-2.893562017551211,-10.759867786322301
871,-2.90780896675504,-10.764733242992303
872,-2.92202963606933,-10.767200343317079
873,-2.9362276448150726,-10.771013799081173
874,-2.950406902015004,-10.775841427311565
875,-2.964571249693066,-10.778594915866734
876,-2.9787224953200577,-10.78286822067926
877,-2.9928600737191524,-10.786436928387586
878,-3.0069830993155926,-10.789407728375215
879,-3.021091412981659,-10.7927002217229
880,-3.035184802875682,-10.796248273793903
881,-3.0492628583939734,-10.798922023208728
882,-3.0633245338843547,-10.802312807830273
883,-3.0773690376252945,-10.806069767717847
884,-3.0913972367979965,-10.808968049808726
885,-3.1054104425193465,-10.813234677907493
886,-3.1194090349007,-10.81699579475302
887,-3.1333927876588046,-10.821226246017693
888,-3.1473630203876173,-10.825445396428838
889,-3.1613216488926406,-10.830156702127152
890,-3.1752692905357054,-10.834577327937014
891,-3.1892062706341955,-10.839199580232965
892,-3.203133584632903,-10.844287287653513
893,-3.2170522896912406,-10.848401258579631
894,-3.2309630278942363,-10.853862744021185
895,-3.2448665177264964,-10.85810513620549
896,-3.2587639936899704,-10.863252119999842
897,-3.2726561605106306,-10.867995403246846
898,-3.2865439836697266,-10.87299132076103
899,-3.30042846540778,-10.877867466005192
900,-3.3143106281704786,-10.883246339358408
901,-3.328191231198127,-10.888234053306425
902,-3.3420711233823526,-10.893784887606387
903,-3.35595129579975,-10.899514414263052
904,-3.3698324912730997,-10.905092407253793
905,-3.383715273995625,-10.911400985384887
906,-3.397600188115822,-10.917662342274784
907,-3.411487853282332,-10.924061197231023
908,-3.4253787818882944,-10.930978525884843
909,-3.439273187063693,-10.937857512378173
910,-3.453171232031566,-10.944866993247413
911,-3.467072908889619,-10.952410927217656
912,-3.480978132403081,-10.959489950984732
913,-3.4948865591719804,-10.967380744261838
914,-3.5087976698180317,-10.974642118635318
915,-3.5227107650705127,-10.982806444291136
916,-3.5366249075928335,-10.989972808614056
917,-3.5505390450031715,-10.998731990583611
918,-3.564451759236254,-11.005367874178607
919,-3.5783620216281897,-11.015285081972731
920,-3.5922683647377824,-11.020718719200373
921,-3.6061695771129267,-11.032797490240737
922,-3.620062211721151,-11.0356463229102
923,-3.6339435500454154,-11.052056804458415
924,-3.6478082409129198,-11.049022751895004
925,-3.6616502107771534,-11.069315362068675
926,-3.675455346571794,-11.059604902751525
927,-3.6892140356186927,-11.067111372072358
928,-3.7029104223473612,-11.072336105031354
929,-3.7166171939755963,-11.069653882073556
930,-3.7304040882479534,-11.07111298628812
931,-3.744327597583814,-11.072119607252331
932,-3.7581419690945665,-11.072579594770895
933,-3.771739126341097,-11.064102186307167
934,-3.7852896999277257,-11.072332819071786
935,-3.798955457790754,-11.063793448144658
936,-3.8126555353863143,-11.063635079237663
937,-3.826201157094418,-11.067463617611581
938,-3.839641047494607,-11.059504864281154
939,-3.853115029624683,-11.067375274707423
940,-3.8666018194494667,-11.059261530955533
941,-3.8800235067999904,-11.06290481078995
942,-3.8933672766586374,-11.066736563493597
943,-3.9066673605875386,-11.057610516964898
944,-3.919952235485635,-11.067910966694301
945,-3.9332203221160933,-11.064228188758754
946,-3.946436391121776,-11.060938512904011
947,-3.959577137965365,-11.071451864026596
948,-3.9726813399688976,-11.06422738204001
949,-3.985784661192311,-11.067160577913599
950,-3.9988527037275476,-11.072944119864772
951,-4.011849387446123,-11.066864869888931
952,-4.024797268730463,-11.075769310839865
953,-4.0377281888383205,-11.07157628196462
954,-4.050634988839997,-11.074941529058517
955,-4.06349735085279,-11.080314807813709
956,-4.076313841149135,-11.074422229981966
957,-4.089089668368056,-11.084644959273419
958,-4.101831193412015,-11.07971780666084
959,-4.114549169687551,-11.08594534558857
960,-4.127239057423301,-11.0868059093448
961,-4.139887963854108,-11.086755308346174
962,-4.152493582574943,-11.093201414729503
963,-4.165067046866298,-11.088043641737677
964,-4.177614657785578,-11.095784511884725
965,-4.190132330518937,-11.091468121459982
966,-4.2026202746656045,-11.095300623672067
967,-4.215078821654583,-11.09687493487873
968,-4.22750469449774,-11.09462407073342
969,-4.239897282710108,-11.10128795058863
970,-4.252260528666309,-11.09534358080002
971,-4.264597090594233,-11.1042117707648
972,-4.276906281118665,-11.097552714048028
973,-4.289188923826359,-11.106256630435855
974,-4.301445449402407,-11.100938371452681
975,-4.313676671806125,-11.107036066787689
976,-4.3258809298341205,-11.10452469390663
977,-4.338058661683937,-11.108394755784595
978,-4.3502114447991005,-11.107863028251801
979,-4.362339667702628,-11.109264853432483
980,-4.374443156979743,-11.111101036462816
981,-4.386522435343036,-11.110900499799017
982,-4.3985782410370815,-11.11320784415059
983,-4.410610528819955,-11.113389893994663
984,-4.4226188070210934,-11.114516659749796
985,-4.4346019005294695,-11.117344255933348
986,-4.446557396454629,-11.112428237436816
987,-4.4584762154201725,-11.12705590156385
988,-4.4703387096399405,-11.101857701503484
989,-4.4821087079728485,-11.147089214348426
990,-4.493792554846378,-11.086746099868732
991,-4.505532516485287,-11.151640535728076
992,-4.517571915316589,-11.115554050791122
993,-4.529694050929748,-11.104463172085824
994,-4.541491442954531,-11.15852963327031
995,-4.553062644704977,-11.098299406703912
996,-4.564835749831727,-11.140719664202914
997,-4.576789436601419,-11.134859015240249
998,-4.588524544784344,-11.1086417148436
999,-4.600082050378039,-11.152962884662664
1000,-4.611795896142665,-11.126230428622343
1001,-4.623602568050488,-11.120290524232878
1002,-4.635229817402393,-11.157340980679697
1003,-4.64677171846893,-11.119938287037868
1004,-4.658435980932671,-11.139902479791957
1005,-4.670115996648658,-11.150777571165655
1006,-4.681650839083634,-11.123071974375943
1007,-4.693168392164193,-11.15442580674521
1008,-4.704770709579479,-11.145952835038626
1009,-4.716337373269754,-11.131467708600928
1010,-4.727809921985275,-11.161560219550948
1011,-4.739296601583253,-11.143440599203077
1012,-4.750825378185574,-11.147048885634925
1013,-4.762307173849367,-11.162633151927839
1014,-4.773730206081579,-11.143386700231241
1015,-4.785171246547684,-11.162700342926428
1016,-4.796629526604368,-11.16235532146072
1017,-4.8080451357134315,-11.151110496265794
1018,-4.819426127515306,-11.17366260232259
1019,-4.83082088187314,-11.160828530126958
1020,-4.842226129687221,-11.166901977941935
1021,-4.85360713935822,-11.176873035882796
1022,-4.864962697147635,-11.1686402145311
1023,-4.876316088709321,-11.176037677459362
1024,-4.887667700662609,-11.189322868266887
1025,-4.8989963615882095,-11.163135868297655
1026,-4.9102867370912024,-11.190906373286442
1027,-4.921526804113318,-11.155494662149664
1028,-4.932671032945743,-11.172704105614832
1029,-4.943716409156009,-11.159111685738605
1030,-4.954847834196662,-11.193282414281192
1031,-4.966399607814378,-11.204637884307928
1032,-4.9781867535048345,-11.189966997930888
1033,-4.9895669782446745,-11.19851555899158
1034,-5.0006009948052075,-11.20447595611466
1035,-5.011867863086094,-11.217560573897526
1036,-5.02346517874981,-11.217744431248377
1037,-5.0349380856186405,-11.2185118051247
1038,-5.046113463012203,-11.21150504593042
1039,-5.057375533095708,-11.231306947507253
1040,-5.0689035084357785,-11.238957567650797
1041,-5.080365602998339,-11.21968510844109
1042,-5.091614978807451,-11.238947976221006
1043,-5.102921123087174,-11.242501277729728
1044,-5.114409879203473,-11.232692536509312
1045,-5.125843977279446,-11.24795051515168
1046,-5.1371187178264925,-11.239990332518794
1047,-5.14844393296502,-11.246566744039598
1048,-5.159882747884563,-11.259517969529451
1049,-5.171263479836088,-11.24807966272485
1050,-5.182522292047571,-11.258647052650941
1051,-5.193809010556507,-11.269087131577981
1052,-5.205167400761607,-11.264820367376387
1053,-5.216458889092629,-11.273448395434153
1054,-5.227640849376369,-11.280029454267984
1055,-5.238836115629805,-11.283037797993241
1056,-5.250074982818058,-11.289635846005021
1057,-5.261238676165059,-11.295522880195566
1058,-5.272309415539742,-11.288937374727494
1059,-5.283376584390796,-11.303024260557601
1060,-5.294447271750823,-11.311382110140741
1061,-5.30545309764442,-11.300504164838632
1062,-5.3163833483847025,-11.318850219531244
1063,-5.327291244507364,-11.308894943122677
1064,-5.338188797443689,-11.3254662976085
1065,-5.3490322626075395,-11.336937223544645
1066,-5.359811823241917,-11.30775499887076
1067,-5.370554751722524,-11.344519207860763
1068,-5.3812776136371765,-11.324889133649357
1069,-5.391963981581459,-11.325669285885922
1070,-5.4025986198317115,-11.345536281421637
1071,-5.413191219268698,-11.318878799521716
1072,-5.423760348882393,-11.344271410947256
1073,-5.434300990060027,-11.334058708648843
1074,-5.444802160005548,-11.331231577387902
1075,-5.455266166474193,-11.347295890251885
1076,-5.465701636985535,-11.329177748517644
1077,-5.476107774050256,-11.347702280912046
1078,-5.486484656634547,-11.338072386600215
1079,-5.496836675981915,-11.339788891651601
1080,-5.5071599073889175,-11.349495744125518
1081,-5.5174528458404115,-11.33629586944904
1082,-5.527721830207315,-11.352640911507006
1083,-5.537969168440846,-11.34073791160618
1084,-5.548192773459173,-11.348630653771652
1085,-5.558393613003995,-11.350216944211134
1086,-5.568570490704899,-11.343931766789863
1087,-5.578723107812857,-11.355992533524509
1088,-5.58885513748219,-11.34420689242125
1089,-5.598967935389208,-11.356679288588092
1090,-5.609059441763263,-11.349658751404341
1091,-5.619130184466544,-11.352599669568908
1092,-5.629180907966751,-11.357387367458525
1093,-5.639210362380513,-11.349446528114296
1094,-5.649219076562827,-11.362045891688702
1095,-5.659207891592853,-11.349496782638822
1096,-5.6691767832176705,-11.364004823284139
1097,-5.679125692493231,-11.351886070511942
1098,-5.689054701133294,-11.364270711503284
1099,-5.6989650979429705,-11.354393841322883
1100,-5.70885984628934,-11.365868863121662
1101,-5.718745628934704,-11.354942057726268
1102,-5.7286180921387,-11.369340170952192
1103,-5.738467385817101,-11.354699342214358
1104,-5.748289183259713,-11.371717484650095
1105,-5.758089835892495,-11.356911060210194
1106,-5.767877707372253,-11.370109529805422
1107,-5.777654296099047,-11.361673841182503
1108,-5.787413710471446,-11.366523207102988
1109,-5.79714980606779,-11.366723687988298
1110,-5.806864645022323,-11.364494044577482
1111,-5.816564779226317,-11.369027266269352
1112,-5.82625224439262,-11.36530562252627
1113,-5.83592360992862,-11.36940453670481
1114,-5.845574735732989,-11.36703885696691
1115,-5.855206361066019,-11.370440704111754
1116,-5.864821907731357,-11.366435509924841
1117,-5.874422988373078,-11.374602842811727
1118,-5.8840076222461,-11.362942548362945
1119,-5.893572817758333,-11.381635083185468
1120,-5.903118144915911,-11.356127496592844
1121,-5.912643782120784,-11.39352354735247
1122,-5.922147580795821,-11.34235060600645
1123,-5.931621671181451,-11.41692547962795
1124,-5.941044920062187,-11.31172519200167
1125,-5.950384792342192,-11.3845464487249
1126,-5.959573979053242,-11.255837498168045
1127,-5.968586930367205,-11.339424589009052
1128,-5.977493594965108,-11.23274374736425
1129,-5.986914833451135,-11.374722585470394
1130,-5.996926895955339,-11.348058498147335
1131,-6.007012377314454,-11.324310357812015
1132,-6.016295977337702,-11.37903194774898
1133,-6.025133869742994,-11.282734073044837
1134,-6.034388213849551,-11.411577096964493
1135,-6.044142527168987,-11.38692591118045
1136,-6.053701826561263,-11.319387387478217
1137,-6.06272528568184,-11.394145354185381
1138,-6.071756040342836,-11.325800123662432
1139,-6.08122213127262,-11.392445773144237
1140,-6.090703220993513,-11.420951215180706
1141,-6.099817830239666,-11.321268405642968
1142,-6.108824753016479,-11.41824987845631
1143,-6.118076918425427,-11.36784415877572
1144,-6.127444613459999,-11.359606176163517
1145,-6.136579949997396,-11.42179386382316
1146,-6.145573940089604,-11.341014975194517
1147,-6.154716671778732,-11.410834865859416
1148,-6.163950824954368,-11.400852605467975
1149,-6.173062917644399,-11.350994904129363
1150,-6.182046834299303,-11.429704074765628
1151,-6.191089990394504,-11.366707361154457
1152,-6.200209871550718,-11.390641671979171
1153,-6.209279950149394,-11.414120471892149
1154,-6.218256055075959,-11.359361928810625
1155,-6.2272167095062665,-11.42170953811175
1156,-6.236222531160457,-11.382936480257989
1157,-6.2452364623226755,-11.384446634201637
1158,-6.254189942386633,-11.418654869231732
1159,-6.263097105968349,-11.368168839992654
1160,-6.2720107771876386,-11.416997185689846
1161,-6.280942554444021,-11.393151334639171
1162,-6.289859796134333,-11.383811212465877
1163,-6.2987296067815555,-11.421213616263493
1164,-6.307571415188964,-11.377374233863504
1165,-6.316419721166759,-11.41320522668272
1166,-6.325273240884766,-11.399423540080209
1167,-6.334104510397722,-11.389704333001989
1168,-6.342901288644976,-11.419635194847991
1169,-6.3516772449007854,-11.385665143409991
1170,-6.360452382620989,-11.414200994391997
1171,-6.3692235602939995,-11.400831192569632
1172,-6.377977082312162,-11.398758024586297
1173,-6.386704559618617,-11.415980875947664
1174,-6.395411499333666,-11.391347316809545
1175,-6.404107205408936,-11.416839638034912
1176,-6.412794200931805,-11.39877183259216
1177,-6.421467545657492,-11.407658196595909
1178,-6.430126690588725,-11.410357252399255
1179,-6.438772280172536,-11.398875911498028
1180,-6.447407524749653,-11.416426534382282
1181,-6.456026771345563,-11.399607729020111
1182,-6.464626477076066,-11.413949885652311
1183,-6.473210770085683,-11.405120215245416
1184,-6.481784079797937,-11.409531611338926
1185,-6.490346892655193,-11.411512962129986
1186,-6.498892127519197,-11.405838309577426
1187,-6.50741830123804,-11.41518810062956
1188,-6.515930632103785,-11.404987687438286
1189,-6.524433494496782,-11.416711805957263
1190,-6.53292581669147,-11.40706985932371
1191,-6.541401709369654,-11.414982595451074
1192,-6.549859719121752,-11.410941148821612
1193,-6.558303045938857,-11.413385384964926
1194,-6.566733967814795,-11.414572402251826
1195,-6.575151664784339,-11.41207367920451
1196,-6.583554412547414,-11.416704627381634
1197,-6.59194288187386,-11.412639099360254
1198,-6.6003189863848295,-11.418081331270182
1199,-6.608682696243996,-11.413963458262632
1200,-6.617032294858692,-11.418179596424851
1201,-6.625366878896585,-11.416785756192825
1202,-6.633687311540875,-11.417599425125163
1203,-6.6419946790858795,-11.419589478871385
1204,-6.650288854598564,-11.41695133887541
1205,-6.658568805281572,-11.422576707182362
1206,-6.666834195533274,-11.416880678896364
1207,-6.675085453363271,-11.425541806544263
1208,-6.68332331106903,-11.415789827266318
1209,-6.6915475775319315,-11.430375975950364
1210,-6.699757129686312,-11.412457967760755
1211,-6.7079505205309955,-11.438886048263551
1212,-6.716124946185815,-11.403284177522611
1213,-6.72427454360368,-11.4538974227539
1214,-6.732386678885081,-11.381064216946372
1215,-6.740430125435335,-11.429052454630906
1216,-6.748341125390621,-11.33470344071412
1217,-6.756011245039387,-11.380788326295036
1218,-6.76333670155515,-11.27873577593465
1219,-6.770531471019986,-11.349694788682765
1220,-6.77838534160045,-11.314104871123165
1221,-6.787485855273512,-11.421433837903512
1222,-6.796802304452639,-11.440065851757106
1223,-6.80510242726138,-11.362415845091345
1224,-6.812514824217597,-11.395229002433853
1225,-6.820191912301677,-11.352765045572394
1226,-6.828508447257921,-11.438339569897183
1227,-6.837016306862895,-11.431238274858611
1228,-6.8451056075208285,-11.39111147950552
1229,-6.85280516721803,-11.423533955460876
1230,-6.86060145286749,-11.37348423092301
1231,-6.868717265752285,-11.449671508175607
1232,-6.876861438377608,-11.427503814772418
1233,-6.884773933991724,-11.398706012844366
1234,-6.892570044235309,-11.43800537148537
1235,-6.9004092078156525,-11.382722774024055
1236,-6.908325690368215,-11.45555774346279
1237,-6.916288400652227,-11.439138248520365
1238,-6.924205495928034,-11.399791581735823
1239,-6.931972861990973,-11.43841802000203
1240,-6.939684485257563,-11.39428809886523
1241,-6.947554600242924,-11.454444177371245
1242,-6.9554900916082305,-11.455998215863609
1243,-6.96328237986325,-11.399296748279076
1244,-6.970950191870235,-11.449644980043372
1245,-6.978685284799071,-11.415559556433088
1246,-6.986501109681755,-11.44166178912265
1247,-6.994289647486603,-11.45510864565789
1248,-7.002002741429406,-11.418430740014552
1249,-7.009673876408794,-11.459390404434997
1250,-7.0173556164290884,-11.427623615040407
1251,-7.025062316079634,-11.448161681119364
1252,-7.03275250371422,-11.437720357547859
1253,-7.040398959914869,-11.440158627273721
1254,-7.048037366489776,-11.450321023640953
1255,-7.055683286364177,-11.427801573916021
1256,-7.063291885217967,-11.461158998325578
1257,-7.070868934509954,-11.429660569741756
1258,-7.078472482939967,-11.44983922487649
1259,-7.0860911069474835,-11.44704239398049
1260,-7.093668312876962,-11.436286016208776
1261,-7.101198902447251,-11.458254710721032
1262,-7.108736179124733,-11.435171065578405
1263,-7.116281043717672,-11.455791344423893
1264,-7.123805419291351,-11.44152710248586
1265,-7.131306818847478,-11.45378265517408
1266,-7.138804612362276,-11.445870457645686
1267,-7.146295044692307,-11.453021848403221
1268,-7.153766591612365,-11.451676278890588
1269,-7.161223417608266,-11.44522300238127
1270,-7.168674719279611,-11.460054015824285
1271,-7.176114370681419,-11.44029635922836
1272,-7.1835337814642894,-11.462361819384467
1273,-7.190940089202163,-11.442245288034467
1274,-7.198337362503863,-11.458756754995647
1275,-7.205728571407491,-11.44799007962424
1276,-7.213109395911338,-11.456814772968782
1277,-7.220475624365152,-11.447491660838331
1278,-7.227827693548126,-11.460367363353303
1279,-7.23516459449243,-11.445745085832309
1280,-7.242489884066603,-11.461730099420642
1281,-7.24980735686971,-11.448200659630462
1282,-7.257115139850321,-11.46030836136511
1283,-7.264412105159453,-11.451699109708729
1284,-7.271694455898038,-11.461268090485072
1285,-7.2789614749061915,-11.450591538604906
1286,-7.286215591579389,-11.467533702547318
1287,-7.293455427848691,-11.44416273212125
1288,-7.300681844187547,-11.478268711339332
1289,-7.3078904478041435,-11.434419256704441
1290,-7.315070457148226,-11.475913195692307
1291,-7.322216681835357,-11.417149918624027
1292,-7.329292251030456,-11.449953742525325
1293,-7.33625124868199,-11.380573640657072
1294,-7.3430134149448305,-11.402994308514083
1295,-7.349400410664613,-11.323152961823377
1296,-7.355455126910024,-11.354384718752122
1297,-7.36141996454951,-11.310078541332977
1298,-7.368494038775076,-11.396869047014398
1299,-7.3770635948267085,-11.417772093747917
1300,-7.3860153003036375,-11.43397233419119
1301,-7.393594226209606,-11.424729614569465
1302,-7.399750822529208,-11.359811268832312
1303,-7.405749007913079,-11.419358850142164
1304,-7.412967390364899,-11.415364096059744
1305,-7.421242532183886,-11.461831603587067
1306,-7.428923739408039,-11.456140089586588
1307,-7.435360295506961,-11.383923731475786
1308,-7.441534902642804,-11.44408171335646
1309,-7.448744656977207,-11.42721189111872
1310,-7.456627150515791,-11.458924645679557
1311,-7.463902947420369,-11.464662692196052
1312,-7.4702740158936525,-11.396672061840416
1313,-7.476786669000498,-11.457510126015206
1314,-7.484154483061093,-11.450240116996683
1315,-7.491666955284906,-11.450084271496783
1316,-7.498516089544301,-11.466583915702033
1317,-7.505053262139153,-11.41621670664222
1318,-7.511890616293776,-11.473845038879736
1319,-7.519082478724188,-11.463929451970195
1320,-7.526187056794936,-11.454112931482463
1321,-7.532998860252602,-11.478534098129716
1322,-7.539709993562367,-11.434998363846553
1323,-7.546499919249656,-11.485303328284925
1324,-7.553464784889126,-11.469139639592791
1325,-7.560444313494178,-11.4688276861107
1326,-7.567260977529428,-11.492574901937749
1327,-7.573953619642693,-11.44673894763284
1328,-7.580683176707726,-11.493411302431763
1329,-7.587504910804828,-11.46246556772325
1330,-7.594361404455401,-11.479914763052507
1331,-7.6011693081629925,-11.49675670430282
1332,-7.607890567560766,-11.455426184138073
1333,-7.614555878352309,-11.500863166821826
1334,-7.621255743357831,-11.460430670409629
1335,-7.628022136251381,-11.492683175046686
1336,-7.634803626244717,-11.487680669883574
1337,-7.641522535674281,-11.47081320720018
1338,-7.648177258969172,-11.502624125563617
1339,-7.654815803500164,-11.464438587938863
1340,-7.661477180099761,-11.501266417104093
1341,-7.668165060748667,-11.47431490433969
1342,-7.674833004008014,-11.49148497454522
1343,-7.681489498339191,-11.488865849634646
1344,-7.68811871167955,-11.479359298134192
1345,-7.694724685484785,-11.500385925196452
1346,-7.701312216249102,-11.473772317004084
1347,-7.707899917144531,-11.505954427870126
1348,-7.71448002935304,-11.475290271657428
1349,-7.72106537256166,-11.49935717649183
1350,-7.727642857493728,-11.485598514472766
1351,-7.73420336673222,-11.490219201044258
1352,-7.7407442913372,-11.4973149433812
1353,-7.747267931514919,-11.484180904856203
1354,-7.753778514067981,-11.503925053327208
1355,-7.760296165852635,-11.481764465438097
1356,-7.766810242189563,-11.508656393190728
1357,-7.773300813996398,-11.480099811224083
1358,-7.779784641602643,-11.51176080150331
1359,-7.786254201673228,-11.479046990993595
1360,-7.792728057507203,-11.512821640666111
1361,-7.799196862083731,-11.481906492480915
1362,-7.805638791625209,-11.511597664944928
1363,-7.812079544300144,-11.485872277411001
1364,-7.818506182526805,-11.51195431176065
1365,-7.824922236221671,-11.48680778795737
1366,-7.831330617288398,-11.517040601492685
1367,-7.837725482054774,-11.481506312290858
1368,-7.844113241817781,-11.519130098651749
1369,-7.850457771530511,-11.472305816135432
1370,-7.856783411010701,-11.508979775684129
1371,-7.863089603801352,-11.45971389672956
1372,-7.869312481856059,-11.491462772786507
1373,-7.8754710481511125,-11.437154866893522
1374,-7.881448196637922,-11.459764559725052
1375,-7.887217436209726,-11.399848844941388
1376,-7.89271870586202,-11.418702837924574
1377,-7.897946792597877,-11.36948905730735
1378,-7.903489105491431,-11.413695201098777
1379,-7.909894533964746,-11.4039086179482
1380,-7.917532835589035,-11.491817127226756
1381,-7.925538404086424,-11.501859441175252
1382,-7.932665324370212,-11.463853200323019
1383,-7.938516265546797,-11.469011626928395
1384,-7.94374286090967,-11.414163384300021
1385,-7.949193833457009,-11.464808417836203
1386,-7.955696410161082,-11.45476172568156
1387,-7.963039674923855,-11.532170933985844
1388,-7.970015712356165,-11.530706696202369
1389,-7.976110493825043,-11.452782452750617
1390,-7.981614378571009,-11.48089415156694
1391,-7.987339008377579,-11.444307281434519
1392,-7.9937041975359575,-11.514816952385251
1393,-8.000608171284044,-11.506908815758482
1394,-8.007167587425172,-11.489742105281094
1395,-8.013165510923859,-11.512118671525792
1396,-8.018897382696043,-11.46002115943563
1397,-8.02485266634332,-11.513484668993852
1398,-8.031151638549494,-11.49148985939724
1399,-8.037666350055114,-11.525588034682574
1400,-8.043963538242988,-11.540314758119415
1401,-8.050001761457938,-11.487358742426402
1402,-8.055914832627805,-11.526813458788748
1403,-8.06188595408906,-11.48468404361451
1404,-8.067969004161954,-11.540833756069627
1405,-8.074222307650153,-11.509776737532198
1406,-8.080410731431748,-11.525158316113584
1407,-8.086521451070467,-11.542268874593017
1408,-8.092513876336087,-11.5038002247505
1409,-8.09846681397238,-11.541293200476687
1410,-8.104407116873126,-11.499967461986962
1411,-8.11045296226797,-11.549377112633168
1412,-8.116521681426278,-11.513970377991619
1413,-8.122627008109554,-11.53616531384513
1414,-8.128681417821904,-11.537527757398749
1415,-8.134671836602068,-11.515613105446771
1416,-8.140600349786531,-11.55502626086131
1417,-8.146540745644174,-11.508061932056062
1418,-8.152465372321075,-11.557483803784294
1419,-8.158437625557038,-11.514023814424505
1420,-8.164433920119134,-11.552924603576148
1421,-8.170407178539131,-11.525653529202684
1422,-8.176398526010304,-11.54262202791916
1423,-8.182350181796142,-11.537401791036652
1424,-8.188285393924664,-11.533089386997572
1425,-8.19419703798029,-11.547595468213537
1426,-8.200097191490501,-11.527146623878547
1427,-8.205978475607255,-11.55618416941406
1428,-8.211868707399839,-11.524740158552165
1429,-8.217737271537015,-11.563925693857344
1430,-8.223612147669957,-11.524259074235266
1431,-8.229482989241527,-11.566817404470356
1432,-8.235331732400194,-11.523213606419485
1433,-8.241207390157456,-11.568368462005019
1434,-8.247041137007495,-11.522130480576482
1435,-8.252893925584736,-11.570549118106019
1436,-8.258727508416078,-11.521167292170071
1437,-8.26453533620646,-11.574362875413142
1438,-8.27036705825548,-11.520077890723915
1439,-8.276144333627286,-11.57205206360852
1440,-8.281941635491377,-11.51812731402368
1441,-8.287697929915867,-11.568237359312237
1442,-8.293423112829325,-11.5099156435306
1443,-8.299135049339359,-11.554763535675507
1444,-8.304711497739873,-11.493485309865864
1445,-8.310275906755207,-11.538693930263872
1446,-8.315673408706411,-11.47280014031169
1447,-8.32100695017855,-11.523702719244017
1448,-8.326392786253491,-11.459470153704729
1449,-8.331736811428007,-11.517934094893157
1450,-8.337590525105101,-11.470319380036482
1451,-8.343587080268476,-11.539129531236537
1452,-8.34996034952834,-11.504943648141339
1453,-8.356346518555949,-11.585808963484547
1454,-8.362543794523283,-11.54723387117032
1455,-8.368566538136983,-11.559146494817945
1456,-8.374339597060882,-11.585361786524757
1457,-8.37993842457502,-11.530586522625415
1458,-8.385437526959697,-11.581760089559985
1459,-8.390881482414695,-11.512556863547129
1460,-8.39632575924096,-11.57031618425647
1461,-8.401916035304165,-11.509556912921774
1462,-8.407580883464234,-11.585451021376116
1463,-8.41349412487328,-11.532729875723662
1464,-8.419433234689064,-11.590526338460895
1465,-8.42534209225991,-11.57566205692737
1466,-8.431085230103031,-11.552694226966437
1467,-8.436637582382106,-11.604663264051142
1468,-8.442019239014371,-11.526900803429852
1469,-8.447415120395714,-11.59339320789133
1470,-8.452871930404848,-11.526496746627696
1471,-8.458501922594687,-11.609915444368191
1472,-8.464303373385707,-11.54771731547372
1473,-8.470120887712383,-11.596042963487651
1474,-8.475914012745736,-11.574901185743629
1475,-8.481569572874653,-11.571639305216408
1476,-8.487117526009238,-11.601398318154011
1477,-8.49259710892656,-11.558774053561127
1478,-8.49806970899851,-11.61690970073521
1479,-8.503532605444404,-11.551060404328407
1480,-8.509063866488102,-11.620663617525203
1481,-8.514581277169544,-11.555237670933325
1482,-8.520143262190652,-11.617483405654689
1483,-8.525706199431951,-11.567183151076495
1484,-8.531256296158432,-11.60407959356105
1485,-8.536808683327603,-11.581971860291109
1486,-8.542323818472267,-11.59056594290721
1487,-8.547804796285535,-11.601873870800812
1488,-8.553234857222987,-11.57956222618152
1489,-8.558619282737398,-11.617999222909683
1490,-8.563954695917316,-11.568317088441336
1491,-8.56928610256659,-11.628902111498343
1492,-8.574589346929663,-11.566193159283387
1493,-8.579930222407617,-11.631223049912634
1494,-8.585299903578564,-11.576831867389906
1495,-8.590703553379853,-11.618385754367784
1496,-8.596147609262516,-11.596419778954562
1497,-8.601545739700237,-11.594821997974412
1498,-8.60686020237576,-11.624383511528634
1499,-8.612044146448511,-11.57248305246613
