element,x_um
0,0.0
1,3.47
2,5.475
3,9.36
4,11.37
5,14.625
6,17.325
7,20.525
8,22.904999999999998
9,26.589999999999996
10,29.779999999999998
11,31.794999999999998
12,34.989999999999995
13,38.214999999999996
14,42.56999999999999
15,44.60999999999999
16,47.72999999999999
17,51.43499999999999
18,54.64499999999999
19,58.03999999999999
20,62.32499999999999
21,65.04499999999999
22,67.67499999999998
23,69.99999999999999
24,72.23999999999998
25,76.43499999999997
26,78.47999999999998
27,80.72499999999998
28,83.83499999999998
29,86.65499999999997
30,88.67499999999997
31,91.12499999999997
