element,x_um,phase_rad_mod2pi
0,0.0,6.282880471862708
1,3.805,6.282894432252835
2,7.995000000000001,6.282896901048435
3,11.545000000000002,6.282973161368489
4,14.880000000000003,6.282888351039377
5,18.815,6.28294278699267
6,22.725,6.282953926135225
7,24.76,6.282887449468035
8,28.505000000000003,6.282898624817701
9,31.78,6.2829065112182265
10,35.18,6.282917689978516
11,37.805,6.282898340732446
12,40.955,6.282903266949909
13,44.08,6.282855852403071
14,46.324999999999996,6.282949205262918
15,49.73,6.282893615938772
16,51.765,6.282948854785609
17,55.015,6.282869681947032
18,57.04,6.282912673463089
19,59.935,6.282904936151652
20,61.965,6.2829329544274115
21,65.33500000000001,6.282909134360645
22,67.49000000000001,6.282898865256922
23,69.635,6.28290840311782
24,72.165,6.282966457084023
25,74.24000000000001,6.282928370800918
26,77.18,6.282858713655844
27,79.31,6.282928235547907
28,81.435,6.28297219769073
29,83.495,6.2828895362237605
30,85.745,6.2829313283527615
31,87.795,6.282906202705618
