gap_index,d_um
1,2.015
2,2.8
3,2.035
4,4.7
5,2.1
6,2.47
7,2.53
8,4.405
9,2.34
10,3.15
11,2.625
12,2.52
13,2.875
14,3.93
15,2.085
16,2.91
17,2.975
18,3.465
19,3.345
20,2.255
21,2.89
22,2.59
23,2.075
24,2.845
25,3.045
26,2.475
27,2.65
28,2.05
29,3.35
30,2.08
31,3.9
32,3.47
33,2.095
34,3.855
35,4.32
36,2.04
37,3.12
38,2.74
39,4.12
40,2.055
41,3.595
42,3.27
43,2.045
44,3.92
45,4.3
46,2.155
47,4.28
48,2.01
49,2.065
50,4.0
51,4.61
52,3.705
53,3.49
54,3.83
55,2.485
56,3.32
57,3.14
58,3.965
59,3.665
60,2.915
61,4.01
62,3.725
63,3.25
